employees_partitioned.emp_id,employees_partitioned.name,employees_partitioned.age,employees_partitioned.job_role,employees_partitioned.salary,employees_partitioned.project,employees_partitioned.join_date,employees_partitioned.department
7,Alexandra Harris,43,Developer,88439.0,Project3,1996-11-22,Finance
9,Jordan Wilson,41,Analyst,46869.79,Gamma,2007-05-15,Finance
10,James Wright,35,Engineer,122584.26,Alpha,2011-07-05,Finance
11,Justin Calhoun,37,Manager,122775.98,Project1,2023-07-14,Finance
13,Benjamin Rodriguez,49,Consultant,58699.67,Alpha,2019-03-01,Finance
18,William Taylor,36,Developer,84772.77,Omega,1989-08-16,Finance
24,Bonnie Wilson,33,Manager,74271.39,Project4,1983-07-05,Finance
37,Colleen Hanson,23,Analyst,122550.4,Delta,1988-09-05,Finance
45,Thomas Hester,52,Consultant,70787.88,Project3,1988-03-05,Finance
59,Melissa Donaldson,58,Analyst,136798.02,Project5,2016-02-29,Finance
63,Jacob Sparks,31,Manager,98240.99,Project5,1983-12-11,Finance
69,Melanie Mcdowell,28,Consultant,139284.14,Omega,1998-03-06,Finance
71,Beverly Stevenson,40,Developer,135918.77,Project3,1972-03-15,Finance
72,Elizabeth Simon,58,Engineer,139333.67,Gamma,1998-02-17,Finance
74,Gwendolyn Wiggins,48,Manager,141987.08,Gamma,2011-03-04,Finance
77,Christopher Castillo,30,Manager,132692.62,Project5,1977-03-21,Finance
81,Laurie Robertson,22,Analyst,132606.48,Project6,2007-06-08,Finance
91,Wendy Doyle,53,Manager,94155.2,Project2,2001-10-30,Finance
101,Jessica Baldwin,51,Developer,96892.3,Project2,1997-07-22,Finance
106,Thomas Jones,27,Manager,93478.52,Project2,1993-09-20,Finance
107,Julia Foster,54,Manager,50757.16,Project6,1991-10-12,Finance
109,Daniel Garcia,45,Consultant,79394.04,Project4,1994-02-27,Finance
116,Renee Quinn,60,Developer,96343.3,Project3,2014-01-16,Finance
121,Ashley Burke,60,Developer,74290.74,Project5,2017-04-01,Finance
124,Katherine Barton,23,Consultant,48997.58,Alpha,2024-04-20,Finance
126,James Gallegos,42,Developer,104549.75,Project1,1982-05-02,Finance
127,Robert Gibson,41,Engineer,62765.86,Project2,2011-05-03,Finance
130,Mark Anderson,54,Engineer,97175.73,Project2,1979-09-05,Finance
131,Stephanie Herring,27,Manager,42923.37,Alpha,1997-03-02,Finance
135,Kevin Ward,57,Developer,145667.19,Project2,1993-04-22,Finance
141,Anthony Hoffman,49,Analyst,117850.27,Project1,2002-09-30,Finance
145,Sean Cox,53,Manager,120516.62,Beta,2018-03-03,Finance
147,Jessica Hull,31,Manager,100164.15,Project5,2016-02-29,Finance
149,Pamela May,55,Analyst,46947.62,Project1,2013-04-13,Finance
152,Michele Johnson,58,Analyst,76826.01,Delta,2000-06-21,Finance
154,Michael Martin,57,Consultant,59083.4,Project2,1984-12-31,Finance
158,Timothy Flores,52,Analyst,108801.03,Project1,2007-04-30,Finance
159,Darryl Flynn,38,Developer,117932.35,Project5,1970-01-07,Finance
163,Anthony Vasquez,51,Developer,43804.35,Delta,2001-10-17,Finance
168,Audrey Fitzpatrick,38,Consultant,146298.16,Project1,1977-01-21,Finance
170,Lori Cortez DDS,28,Manager,72084.7,Project6,1987-04-24,Finance
173,John Norman,37,Analyst,56839.48,Project4,1991-08-25,Finance
176,Dana Carpenter,35,Manager,112201.03,Gamma,2016-06-05,Finance
179,Wanda Carrillo,41,Analyst,85188.94,Alpha,1977-05-31,Finance
182,Victoria Norris,31,Analyst,91195.63,Beta,1983-01-05,Finance
184,Shawn Johnson,25,Engineer,93839.86,Project4,2024-11-15,Finance
187,Christina Garza,39,Developer,74072.01,Omega,2004-11-25,Finance
197,Miss Karen Larson MD,40,Consultant,65533.58,Project1,1991-04-26,Finance
207,Cheryl Williams,54,Developer,48537.66,Alpha,1984-11-08,Finance
209,Kimberly Miller,29,Engineer,143561.31,Project3,2005-01-04,Finance
210,Carmen Moran,33,Developer,90609.12,Omega,2002-11-09,Finance
215,Wayne Harris,28,Consultant,75634.79,Project2,2019-01-17,Finance
219,Jason Neal,23,Developer,109260.12,Project1,1982-11-26,Finance
222,Ashley Ellison,42,Analyst,91018.93,Beta,1988-05-17,Finance
224,Sean Miller,46,Developer,147585.98,Project5,2000-04-08,Finance
227,Jenna Kennedy,34,Consultant,54951.17,Project1,1999-01-28,Finance
228,Paul Galloway,59,Developer,104740.45,Project4,1998-12-11,Finance
231,David Navarro,41,Manager,145335.81,Omega,2011-11-29,Finance
247,Jeremy Cortez,45,Developer,110938.61,Project1,1984-07-14,Finance
253,Cynthia Fischer,23,Engineer,79106.0,Alpha,2014-12-29,Finance
254,Kevin Wong,48,Engineer,60311.48,Alpha,2019-02-26,Finance
260,Daniel Martin,42,Manager,119742.82,Omega,2005-10-26,Finance
267,Linda Butler,45,Engineer,100518.12,Project6,1987-12-05,Finance
276,Alexis Maynard,51,Analyst,94788.75,Omega,1998-11-16,Finance
285,Brett Bell,46,Analyst,81637.33,Gamma,2012-09-28,Finance
287,Tiffany Hart,31,Consultant,56872.01,Project3,1988-09-07,Finance
289,Andrew Stark,30,Engineer,145783.52,Project3,2000-08-21,Finance
293,Rebecca Blankenship,24,Engineer,147520.92,Alpha,1995-04-02,Finance
306,Kelly Weber,59,Analyst,149707.45,Delta,1970-07-26,Finance
307,Tracy Higgins,44,Consultant,135075.9,Gamma,2021-06-09,Finance
309,Nicholas Kane,50,Developer,122098.31,Project4,2016-09-02,Finance
319,Diane Barry,27,Analyst,110483.42,Omega,2020-08-02,Finance
328,Juan Sanchez,38,Analyst,53728.65,Alpha,2020-03-09,Finance
330,Mitchell Williams,33,Engineer,66475.31,Alpha,2024-11-15,Finance
342,Mary Harris,30,Developer,52582.24,Project5,2010-12-03,Finance
350,Joshua Hansen,39,Analyst,53008.76,Beta,1980-06-13,Finance
351,Janet Mcdonald,34,Developer,139833.06,Delta,1981-07-01,Finance
362,Kim Leach,59,Consultant,79629.51,Project2,1985-02-10,Finance
363,Rebecca Moore,32,Manager,141133.06,Project2,1987-04-27,Finance
365,Mrs. Paula Wright PhD,26,Analyst,52624.0,Beta,1971-02-21,Finance
368,Colton Jones,53,Analyst,53031.45,Alpha,1995-04-01,Finance
370,Brian Nelson,39,Engineer,127605.08,Project2,2022-08-10,Finance
373,Alexis Wiggins,56,Developer,146369.77,Project3,2004-07-18,Finance
394,Vicki Hood,54,Manager,64918.75,Gamma,2000-02-24,Finance
398,Robert Rivera,54,Analyst,108203.92,Project3,1997-08-30,Finance
401,William Young,60,Developer,74063.58,Beta,2003-05-08,Finance
402,Stephanie Walters,30,Developer,53180.45,Alpha,2013-04-28,Finance
403,Norman Roberts,49,Manager,41455.27,Project3,1976-01-17,Finance
406,Matthew Romero,26,Engineer,42059.0,Project6,2007-08-30,Finance
415,Richard Montgomery,51,Developer,72973.14,Gamma,2001-04-18,Finance
419,Brendan Davis,53,Analyst,63481.94,Gamma,1977-05-07,Finance
421,Tristan Thomas,22,Analyst,86285.23,Gamma,1998-06-28,Finance
435,Mark Rodriguez MD,33,Consultant,50351.47,Project4,2024-07-29,Finance
438,Rhonda Ramsey,44,Consultant,140685.47,Beta,2009-07-17,Finance
449,Jacob Horton,33,Developer,99445.61,Project4,1979-09-14,Finance
469,Daniel Williams,23,Consultant,137453.16,Project4,2014-07-22,Finance
476,Laura Munoz,29,Developer,87675.77,Project2,2022-02-14,Finance
477,Theresa Johnson,46,Analyst,148784.86,Beta,2022-03-30,Finance
480,Monica Castro,28,Consultant,65716.66,Delta,2019-11-07,Finance
493,Barbara Jackson,28,Consultant,77241.11,Project3,2000-08-07,Finance
502,Daniel Brown,38,Consultant,100415.76,Project3,1979-11-08,Finance
509,Jacob Baker,22,Manager,103514.33,Project5,2022-05-17,Finance
515,Amy Bautista,50,Engineer,130720.07,Project1,2011-02-23,Finance
516,Megan Thomas,51,Developer,61461.04,Gamma,2020-01-15,Finance
523,Paul Martinez,29,Manager,143248.45,Gamma,1998-11-01,Finance
547,Joseph Thompson,26,Manager,76591.9,Project5,2021-01-13,Finance
550,Kelly Mccoy,47,Engineer,104002.5,Project2,2019-05-01,Finance
554,Timothy Salazar,48,Developer,56962.47,Project2,1991-01-30,Finance
560,Susan George,33,Developer,46810.26,Alpha,2017-01-06,Finance
562,Brady Cook,43,Consultant,41060.44,Project3,2010-01-18,Finance
573,Christina Jordan,26,Analyst,147233.77,Project1,2005-07-01,Finance
578,James Price,47,Manager,71199.65,Project4,1978-03-09,Finance
580,Lauren Davis,24,Engineer,92993.03,Project1,2019-11-20,Finance
591,Michael Melton,56,Developer,110409.91,Project5,1970-10-01,Finance
592,Latoya Landry,52,Developer,116957.36,Project4,2010-01-11,Finance
597,Tamara Miller,44,Engineer,119183.09,Gamma,1984-03-14,Finance
602,Dr. Tanner Henderson,49,Developer,57717.42,Gamma,2016-09-20,Finance
603,Amber Solomon,45,Developer,42192.65,Project1,1985-02-07,Finance
607,Cindy Clark,55,Consultant,135664.27,Delta,1998-12-17,Finance
608,Damon Stone,58,Manager,58078.21,Project2,1990-01-24,Finance
609,Bradley Oliver,36,Consultant,149303.02,Alpha,2003-04-07,Finance
611,Christopher Taylor,54,Consultant,84358.2,Project4,2005-07-05,Finance
616,Pamela Caldwell,30,Engineer,115528.92,Project4,2015-04-02,Finance
630,Mark Brooks,39,Engineer,125101.11,Gamma,2005-08-07,Finance
638,Joel Rodriguez,50,Developer,147456.95,Omega,2014-03-30,Finance
639,Maria Johnson,30,Developer,146543.44,Project4,1979-06-20,Finance
642,Shelby Stein,52,Analyst,68333.99,Omega,1971-09-20,Finance
643,Maurice Scott,31,Developer,120291.58,Project6,2014-02-10,Finance
644,Shawn Castillo,22,Developer,63009.64,Beta,1977-12-11,Finance
651,Ashley Watts,37,Analyst,89011.12,Project1,2014-02-20,Finance
661,Frances Mercado,40,Developer,137117.42,Delta,1976-11-25,Finance
664,Wanda Wilson,34,Engineer,115407.58,Delta,1984-05-13,Finance
665,Rita Johnston,38,Manager,88688.59,Gamma,1984-11-15,Finance
674,David Martinez,33,Manager,127843.37,Project3,2010-08-05,Finance
677,Karen Flores,28,Analyst,72688.7,Omega,2014-04-03,Finance
681,John Horton,46,Consultant,72195.04,Beta,1998-11-08,Finance
687,Susan Gomez,35,Analyst,148959.83,Gamma,1989-02-05,Finance
688,Tina James,56,Developer,67096.08,Alpha,1976-08-16,Finance
700,Eugene Blair,26,Analyst,116654.56,Alpha,1976-07-29,Finance
701,Paul Carrillo,27,Engineer,132995.58,Project5,1970-02-10,Finance
705,Michael Smith,52,Developer,147513.95,Gamma,1992-10-13,Finance
710,Logan Houston,33,Manager,80380.31,Project3,2014-04-10,Finance
725,Timothy Grant,36,Analyst,82953.97,Omega,2013-12-17,Finance
727,Eric Wheeler,23,Consultant,93278.15,Delta,1973-05-13,Finance
734,Jose Martinez,44,Engineer,100737.88,Alpha,1976-12-05,Finance
737,Jonathan English,37,Engineer,43835.5,Alpha,1977-05-02,Finance
741,Noah Smith,58,Developer,127384.41,Project1,1996-04-27,Finance
744,Laura Matthews,25,Manager,88380.17,Project3,2005-09-07,Finance
750,Emily Morris,54,Consultant,53370.86,Alpha,2009-10-08,Finance
756,Sharon Martinez,32,Analyst,96764.98,Alpha,1995-05-03,Finance
757,Gregory Parsons,57,Analyst,65166.6,Beta,1991-04-25,Finance
760,Dawn Boyd,44,Manager,97030.53,Project1,1980-03-07,Finance
763,Jeffrey Olson,43,Engineer,43212.56,Beta,1970-05-11,Finance
767,Ryan Mcguire,47,Consultant,59831.9,Alpha,1976-11-18,Finance
770,Christopher Sawyer,30,Manager,92257.76,Project4,1972-02-14,Finance
788,Jason Rodriguez,42,Developer,100542.92,Project5,1996-04-24,Finance
793,Adam Gomez,55,Consultant,55362.4,Beta,1977-09-20,Finance
796,Cindy Robinson,40,Engineer,50713.62,Project2,1970-06-22,Finance
798,Debbie Gray,33,Analyst,149471.44,Omega,2002-08-18,Finance
799,Robert Perry,30,Analyst,113610.8,Delta,2004-04-30,Finance
801,Jacqueline Gonzalez,24,Consultant,63059.04,Project5,2022-12-25,Finance
802,Samuel Miller,24,Engineer,84626.06,Project3,1989-09-24,Finance
808,Julie Hull,34,Developer,67098.21,Project5,1987-10-27,Finance
809,Elizabeth Koch,33,Manager,43059.28,Project1,2015-08-02,Finance
811,Anthony Anderson,45,Consultant,79784.7,Project3,1977-02-22,Finance
813,Catherine King,37,Consultant,54064.68,Project3,1995-11-13,Finance
815,Jordan Oliver,33,Analyst,100161.09,Project3,1987-02-09,Finance
825,James Peterson,28,Consultant,134006.52,Beta,1992-06-06,Finance
832,Brenda Hill,31,Developer,67009.61,Project1,2001-04-26,Finance
833,Angela Davis,23,Engineer,120069.14,Gamma,2017-10-26,Finance
837,Steven Charles,60,Manager,75635.09,Beta,2020-10-24,Finance
849,Latoya Fernandez,27,Developer,44947.13,Project6,1990-09-29,Finance
854,William Diaz,56,Consultant,143437.48,Project3,1988-01-24,Finance
870,Charles Rangel,29,Manager,146505.67,Delta,1974-03-21,Finance
874,Richard Brown,30,Manager,75780.47,Alpha,1979-06-04,Finance
881,Tracy Townsend,46,Manager,130588.28,Project3,2015-05-20,Finance
887,Samantha Davis,57,Manager,115280.11,Project3,2006-07-26,Finance
903,Brandon Patel,32,Analyst,63432.31,Delta,2000-09-07,Finance
908,Dalton Davis,42,Consultant,63939.55,Alpha,1980-10-31,Finance
910,Dana Anderson,49,Analyst,125160.16,Project5,1992-12-27,Finance
918,Matthew Evans,57,Manager,138769.12,Omega,2011-09-14,Finance
920,Monica Johnson,36,Analyst,94085.36,Beta,1999-03-07,Finance
924,Amy Rodriguez,53,Manager,113027.49,Alpha,2007-01-23,Finance
926,Dawn Johnson,33,Developer,72553.79,Gamma,1989-06-06,Finance
929,Joseph Schroeder,31,Consultant,102353.01,Project4,1974-12-26,Finance
932,David Perez,46,Manager,64523.48,Omega,1996-12-01,Finance
936,Ryan Nunez,29,Consultant,108732.75,Project6,1971-02-01,Finance
940,Cody Mcfarland,38,Developer,103044.29,Delta,1970-09-29,Finance
947,Nicholas Taylor,48,Analyst,57019.99,Omega,1984-09-20,Finance
952,Neil Hunt,34,Analyst,67980.27,Project1,1990-01-16,Finance
959,Steven Hendrix,58,Analyst,81565.22,Beta,2008-06-21,Finance
967,Summer Ali,48,Engineer,138101.06,Beta,2006-08-28,Finance
969,Mark Casey,54,Engineer,74262.16,Project1,1988-11-29,Finance
974,Steven Frederick,30,Developer,45633.37,Project4,1974-10-05,Finance
976,Jeffrey Castillo,59,Manager,149613.81,Delta,1983-10-26,Finance
984,Mary Russo,53,Manager,50340.44,Gamma,1996-08-11,Finance
986,Ashley Jackson,47,Consultant,144794.05,Project5,2008-03-31,Finance
991,Michael Morrison,53,Developer,49752.66,Project1,2005-01-03,Finance
994,Steven Wilcox,28,Engineer,56844.52,Project1,2020-05-02,Finance
996,Michele Obrien,52,Engineer,100661.2,Project4,2007-08-25,Finance
4,Jordan Dean,31,Consultant,69211.43,Alpha,1973-03-11,HR
5,Tom Hart,22,Manager,125253.74,Project2,1976-11-02,HR
16,Andrea Duffy,41,Engineer,136842.48,Project3,2001-06-23,HR
19,Jenny Schmitt,23,Manager,60820.3,Project2,2011-10-07,HR
26,Lisa Molina,29,Analyst,78853.88,Omega,1992-06-15,HR
30,Gregory Brown,56,Engineer,148323.7,Beta,1991-04-22,HR
35,Jose Shaw,31,Analyst,130801.9,Project5,1983-09-25,HR
36,John Gray,57,Manager,59921.05,Gamma,1977-07-09,HR
41,Kimberly Ritter,29,Developer,77943.92,Beta,2017-05-26,HR
47,Kathleen Armstrong,33,Developer,48731.23,Project4,1972-11-28,HR
53,Mr. Justin Garcia,54,Engineer,97882.86,Project4,1978-01-20,HR
60,Zachary Stephens,40,Consultant,113619.31,Delta,2009-09-06,HR
62,Natalie Rivera,30,Analyst,94603.54,Project5,2000-01-05,HR
65,George Neal,33,Consultant,142513.83,Project5,1989-01-31,HR
68,Tim Thomas,58,Engineer,48312.63,Delta,2010-06-21,HR
73,Megan Ramos,53,Engineer,95597.78,Omega,2009-06-11,HR
78,Jesse Jackson,43,Developer,117432.18,Beta,2004-03-13,HR
85,David Mcbride,54,Analyst,62832.93,Delta,1986-11-05,HR
88,Sarah Tyler,41,Consultant,54858.49,Gamma,2022-06-08,HR
89,David Rogers,35,Engineer,57912.13,Omega,2019-02-13,HR
92,Denise Waters,42,Engineer,89182.48,Project1,2022-08-28,HR
97,Stephanie Carter,35,Manager,124430.39,Project5,2019-06-01,HR
100,Joshua Hernandez,32,Analyst,47927.55,Project6,1995-06-08,HR
122,Emily Cervantes,56,Consultant,82581.35,Project1,1973-04-22,HR
128,Richard Yang,41,Engineer,58543.56,Project6,1970-01-27,HR
129,Laura Brown,52,Engineer,134286.78,Project2,2004-03-12,HR
132,Eric Harris,32,Engineer,106303.57,Beta,2010-10-13,HR
133,Kimberly Ramirez,59,Developer,141440.1,Project6,2024-10-25,HR
137,Craig Moore,29,Developer,99885.43,Project5,2020-03-01,HR
140,James Hawkins,44,Developer,140037.94,Project4,1982-05-14,HR
143,Rebecca Carter,41,Developer,64090.59,Project3,1986-03-07,HR
155,Christina Erickson,52,Developer,129088.92,Project2,2023-05-05,HR
164,Angela Carter,58,Developer,103247.61,Gamma,1981-08-25,HR
167,Christopher Howard,34,Engineer,129730.32,Beta,2015-07-14,HR
186,Rachel Gonzalez,60,Engineer,83544.93,Project6,1970-08-09,HR
208,Sarah Barrett,56,Consultant,79360.66,Project5,1977-09-10,HR
212,Robert West,46,Analyst,104538.37,Project3,2006-03-01,HR
213,Mariah Wilkinson MD,59,Analyst,128020.36,Project6,2020-03-08,HR
214,Joshua Fitzgerald,56,Engineer,118567.19,Project2,1982-05-15,HR
218,Jennifer Mcbride,32,Manager,138197.78,Project4,2003-11-08,HR
225,Jennifer Riggs,29,Engineer,81705.51,Project4,2019-09-05,HR
226,Elizabeth Wagner,31,Engineer,121559.54,Project4,1975-05-18,HR
233,Carl Fisher,56,Engineer,95835.87,Beta,2001-12-13,HR
234,Rhonda Jones,29,Manager,148521.95,Project1,1990-05-03,HR
235,Rodney Aguilar,39,Developer,144413.9,Delta,1975-10-02,HR
236,Jason Garcia,51,Developer,129472.33,Project1,2014-02-23,HR
237,Kathryn Johnson,51,Manager,120162.58,Project1,1993-12-08,HR
238,Julia Hammond,35,Consultant,139263.28,Project6,1978-03-30,HR
239,Alexandra George,28,Analyst,142086.17,Omega,2022-09-16,HR
241,Michael Clements,38,Consultant,53577.93,Project1,1995-11-13,HR
243,Regina Nicholson,27,Manager,79226.2,Gamma,2015-12-29,HR
245,Anthony Mckenzie,26,Developer,75304.74,Project6,1990-03-06,HR
250,Shane Davis,52,Developer,138616.64,Beta,2015-10-30,HR
255,Andrew Forbes,40,Analyst,124688.88,Project3,1987-01-09,HR
263,Alan Taylor,34,Analyst,55320.85,Delta,1985-01-12,HR
266,Jessica Chavez,22,Analyst,123700.48,Project5,1994-09-03,HR
280,David Miller,44,Engineer,51861.62,Project2,1983-01-16,HR
282,Edward Jenkins,30,Manager,94819.25,Project1,1981-06-03,HR
291,Anthony Evans,38,Developer,114057.8,Project3,2013-10-15,HR
300,Charles Meyer,32,Engineer,50390.67,Alpha,1974-10-10,HR
301,Andrea Washington,27,Engineer,132643.44,Alpha,1983-06-29,HR
303,Bonnie Berger,24,Engineer,44084.84,Alpha,2022-02-27,HR
313,Robert Hernandez,36,Engineer,119851.65,Gamma,2022-08-16,HR
324,Corey Bates,38,Analyst,103966.31,Gamma,1995-04-28,HR
327,Patrick Watson,49,Developer,95891.84,Project4,1977-09-02,HR
333,Brittany Harper,30,Developer,78681.44,Omega,2008-10-24,HR
336,Laura Cervantes,41,Analyst,57325.37,Project6,2008-10-30,HR
337,Edward Simon,33,Manager,64627.85,Delta,1973-03-16,HR
339,Kathy Harrell,22,Engineer,135861.12,Alpha,2016-10-20,HR
347,Felicia Martin,59,Consultant,103513.37,Project5,1998-02-09,HR
349,Lauren Thomas,35,Engineer,131316.47,Project1,2019-06-04,HR
353,Micheal Cisneros,38,Manager,105743.89,Omega,2006-06-23,HR
356,Pamela Thomas,31,Analyst,147578.0,Alpha,2000-11-30,HR
360,Julie Martin,44,Consultant,135019.45,Gamma,1985-04-11,HR
369,Alicia Sullivan,37,Consultant,115735.68,Project3,2015-02-25,HR
374,Courtney Brown,28,Manager,41702.68,Omega,2020-07-02,HR
378,Justin Howard,34,Consultant,115896.16,Project3,1971-10-02,HR
383,Alicia Santiago,59,Consultant,44745.5,Delta,1977-04-13,HR
386,Jill Graham,31,Manager,123625.83,Beta,2019-08-30,HR
387,Ryan Alexander,39,Developer,105729.17,Omega,1988-03-02,HR
389,Robert Andrews,45,Analyst,118030.92,Project6,2012-05-25,HR
391,Danielle Pierce,57,Engineer,142621.56,Omega,2009-01-11,HR
393,Cynthia Durham,32,Developer,138460.19,Project1,2002-11-02,HR
399,Dr. Sandra Wallace,34,Analyst,74284.38,Project4,1975-02-10,HR
404,Paul Reynolds,30,Manager,117464.58,Project1,2004-06-15,HR
405,Ryan Bentley,42,Manager,78413.9,Gamma,1975-09-11,HR
407,Darrell Ray,22,Manager,70415.58,Gamma,2001-07-03,HR
410,Nicholas Floyd,50,Engineer,111768.03,Alpha,1988-12-05,HR
418,Rachel Hill,32,Analyst,83108.15,Omega,1977-04-05,HR
423,Edward Fisher III,24,Analyst,83987.25,Project3,2021-10-24,HR
426,Elizabeth Powell,34,Developer,145625.8,Project1,1988-09-02,HR
430,Jeanette Bradford,28,Developer,79787.69,Beta,2008-01-07,HR
433,Thomas Hernandez,32,Engineer,48426.25,Project1,2012-12-23,HR
440,Heather Ferguson,35,Analyst,75119.41,Delta,1995-10-23,HR
441,David Perkins,60,Analyst,74052.17,Project2,1989-02-13,HR
461,Laura Briggs,33,Consultant,95578.02,Project6,1994-05-11,HR
465,Amber Williams,23,Consultant,92451.03,Project6,1997-08-15,HR
468,Brett Merritt,49,Manager,79873.81,Omega,2016-09-01,HR
470,Haley Mcclure,30,Developer,120083.67,Project1,2007-02-25,HR
487,David Smith,38,Engineer,123386.55,Project2,2023-03-22,HR
488,Peter Faulkner,43,Manager,70412.82,Project6,2015-10-30,HR
497,Jessica Coleman,53,Consultant,124564.26,Project3,1981-03-24,HR
513,Elizabeth Glover,35,Manager,44944.23,Gamma,1989-05-16,HR
514,Theresa Solis,29,Analyst,108574.69,Project5,1986-07-17,HR
518,Ian Miller,27,Engineer,124242.84,Gamma,2022-09-11,HR
524,Erika Haley,49,Developer,131411.7,Delta,2004-02-17,HR
529,Patricia Cox,46,Manager,104162.13,Beta,1989-07-18,HR
532,Lisa Hunter,60,Consultant,126113.28,Project6,2017-12-24,HR
536,Daniel Anderson,45,Manager,97725.3,Project2,2008-05-29,HR
540,Michael Schmidt,42,Consultant,69988.54,Project1,1991-02-10,HR
545,Madison Moore,27,Engineer,112817.39,Project6,2005-10-28,HR
561,Michael Thomas,56,Analyst,83886.21,Project3,1981-03-31,HR
565,Brittany Moore,47,Manager,44357.54,Project5,1997-09-19,HR
570,Samuel Andersen Jr.,44,Engineer,50119.27,Omega,1986-12-19,HR
572,Miss Elizabeth Ball,51,Manager,94540.12,Project3,2004-05-10,HR
574,Mr. David Bush,29,Manager,82631.11,Project6,1985-04-12,HR
575,Jennifer Thompson,37,Consultant,66543.02,Project4,1979-06-04,HR
582,Douglas Hudson,48,Manager,73019.19,Project1,2016-08-26,HR
587,Paul Richardson,31,Manager,69456.9,Project3,1973-08-05,HR
589,Jared Wade,46,Developer,40467.77,Delta,2005-11-17,HR
593,Karen Manning,53,Engineer,147126.53,Beta,1974-02-12,HR
596,Raymond Grant,36,Analyst,42933.24,Project2,2019-07-22,HR
605,Michael Graham,53,Manager,110511.67,Gamma,1992-12-21,HR
617,Sheila Stanley,28,Developer,58717.8,Beta,2006-07-16,HR
618,Cory Frazier,28,Developer,46967.12,Delta,1986-01-03,HR
624,Alyssa Keith,34,Engineer,41063.6,Beta,2018-03-31,HR
628,Joseph Combs,45,Engineer,96030.74,Beta,2004-11-03,HR
631,Susan Rojas,26,Manager,49304.7,Beta,2009-07-13,HR
632,Eric Bonilla,50,Developer,62243.53,Project3,1970-05-09,HR
641,Robert Espinoza,49,Manager,128964.78,Project4,1992-12-13,HR
653,Brandon Carroll,40,Consultant,75527.34,Omega,1988-08-09,HR
654,Michael Hale,51,Consultant,94541.43,Project4,2013-07-29,HR
656,Jeffrey Jones,48,Developer,144386.64,Project4,2007-02-24,HR
663,Jennifer Cook,33,Engineer,101183.41,Project5,2000-11-11,HR
668,Brandon Padilla,54,Manager,111299.11,Project4,2004-06-08,HR
669,Claire Mullen,58,Manager,60177.3,Project1,2015-07-25,HR
672,Linda Hahn,31,Engineer,83440.16,Alpha,2005-08-23,HR
673,Charles King,41,Analyst,67642.0,Project2,2017-06-13,HR
675,Jason Edwards,26,Analyst,98087.44,Gamma,2018-04-20,HR
686,Jason Miller,33,Engineer,144136.4,Project1,1985-04-22,HR
693,Richard Nelson,36,Engineer,49035.87,Project4,2005-07-11,HR
708,Casey Fry,51,Developer,143304.69,Project3,1988-08-22,HR
711,Emma Mullen,31,Developer,124213.98,Omega,1982-10-02,HR
723,Jeremy Cunningham,58,Manager,90983.87,Delta,1984-09-02,HR
752,Cody Anderson,32,Consultant,66599.34,Beta,2002-03-30,HR
754,Patricia Smith,39,Analyst,44210.34,Project2,1985-12-25,HR
762,Tina Watson,34,Engineer,73133.18,Delta,2019-09-25,HR
764,Olivia Reed,35,Consultant,50366.38,Gamma,2021-02-18,HR
768,Carlos Klein,26,Engineer,60507.72,Project3,1984-06-26,HR
773,Tiffany Kelly,26,Engineer,66278.83,Project5,2014-02-05,HR
780,Allen Barnes,55,Analyst,83985.08,Project5,2003-06-11,HR
783,Edward Chavez,40,Consultant,97778.09,Project1,1971-11-10,HR
800,Bryan Peterson,33,Consultant,84043.08,Alpha,1981-09-17,HR
803,Laura Moreno,32,Analyst,94418.86,Omega,2020-09-07,HR
804,Charles Davis,37,Engineer,58710.62,Beta,1997-02-21,HR
806,Sandra Cisneros,36,Consultant,66177.29,Project3,2007-11-24,HR
828,Sarah Hardy,37,Manager,100235.72,Project1,2002-12-25,HR
834,Laura Reilly,55,Consultant,113641.79,Gamma,1992-04-06,HR
836,Gregg Matthews,56,Engineer,40026.62,Project2,1999-12-26,HR
840,Joseph Holt,38,Manager,98512.17,Project3,2017-01-15,HR
841,Samantha Miller,28,Analyst,87858.93,Alpha,1972-10-01,HR
842,Shaun Wilson,40,Developer,69903.35,Beta,2016-02-02,HR
843,Lisa Rios,46,Analyst,78121.92,Project2,2016-11-21,HR
860,Ashley Butler,30,Analyst,42105.12,Project1,2023-08-09,HR
862,Angela Sheppard,49,Consultant,83495.67,Project2,1982-12-17,HR
863,Mitchell Welch,23,Consultant,140037.66,Omega,1970-03-03,HR
867,Evan Sanchez,55,Consultant,52203.26,Omega,1997-02-04,HR
871,Veronica White,46,Consultant,69885.98,Omega,2013-12-15,HR
877,Tristan Lopez,52,Consultant,122348.78,Project2,1991-09-09,HR
878,Evelyn Smith,47,Analyst,111527.41,Project6,1975-04-28,HR
894,Jeremy Warren,56,Engineer,128778.39,Project3,2005-04-28,HR
898,Shannon Jordan,47,Manager,62184.71,Gamma,2019-07-22,HR
899,Miranda Kelly,55,Engineer,130775.29,Project3,1972-06-30,HR
909,Jessica Lopez,49,Consultant,69707.33,Gamma,1985-12-08,HR
911,Nicholas Hutchinson,48,Consultant,43551.81,Delta,1989-01-27,HR
913,Nichole Underwood,39,Analyst,50704.75,Alpha,1975-05-30,HR
915,Taylor Norris,27,Consultant,75394.32,Project4,1990-09-27,HR
923,Brittany Wilson,36,Analyst,144613.69,Project1,1992-08-03,HR
930,Jorge Hanson,45,Developer,71396.4,Project2,2024-06-06,HR
931,Maria Hill,28,Developer,143574.38,Project6,1997-10-18,HR
934,Mariah Burnett,35,Engineer,97579.58,Project2,1989-10-07,HR
935,Denise Newman,37,Manager,47235.74,Alpha,1981-11-15,HR
937,Susan Orr,43,Engineer,50154.11,Delta,1997-04-16,HR
942,Barbara Espinoza,43,Engineer,67804.98,Project1,1987-04-06,HR
951,Thomas Black,26,Analyst,42350.03,Project3,1997-06-09,HR
956,Heather Thompson,46,Engineer,77040.33,Project3,1991-01-29,HR
961,Robert Odonnell,37,Manager,66683.35,Beta,1999-08-14,HR
965,Dustin Horn,37,Analyst,48022.06,Project1,1983-04-18,HR
971,Rhonda Ortega,58,Consultant,136131.7,Omega,2007-11-20,HR
975,Roger Williams,39,Developer,93890.95,Project4,1975-04-01,HR
977,Jeffrey Phillips,57,Developer,85615.17,Beta,1992-02-28,HR
979,John Yoder,29,Manager,115850.15,Project5,1999-10-23,HR
980,Kaitlyn Ball,53,Developer,99570.34,Project2,1990-09-11,HR
990,Victor Hernandez,48,Manager,54222.04,Project1,1997-06-19,HR
993,Daniel Porter,49,Manager,119733.2,Project6,2014-07-12,HR
997,Brenda Cruz,54,Developer,83146.79,Omega,1999-01-27,HR
6,Christopher Mendoza,43,Developer,128025.8,Alpha,2008-11-02,IT
20,Kevin Wright,43,Consultant,128585.94,Delta,2014-03-21,IT
23,Lynn Perez,50,Manager,68030.17,Omega,1984-10-25,IT
33,Joseph Underwood,40,Analyst,136469.28,Project3,2014-06-02,IT
34,William Thomas,27,Manager,41601.88,Omega,1982-03-19,IT
38,Kathleen Rhodes,44,Consultant,53535.2,Beta,2012-05-19,IT
39,Nicole Roberts,45,Manager,78833.61,Project5,2017-04-03,IT
40,Rebecca Moody,55,Analyst,104091.68,Project5,2016-10-27,IT
49,Michael Jackson,30,Engineer,73742.77,Delta,1979-05-15,IT
50,Eugene Moore,55,Developer,63399.86,Project2,2016-10-24,IT
51,David Benson,46,Consultant,126945.91,Project2,2010-09-24,IT
54,Zachary Nelson,50,Developer,48696.09,Omega,2000-03-16,IT
56,Melissa Boyer,33,Developer,111658.32,Beta,1995-09-29,IT
58,Erica Taylor,44,Analyst,126485.3,Beta,2016-09-22,IT
64,Lori Navarro,38,Manager,149585.9,Project5,1972-11-25,IT
66,Paul Mclean,26,Manager,125201.37,Project6,2004-03-25,IT
70,Brian Thomas,53,Consultant,66433.64,Gamma,1996-02-13,IT
75,Willie Richards,42,Consultant,43598.0,Project4,2000-10-02,IT
80,William Bartlett,43,Engineer,54948.68,Project3,1993-03-10,IT
87,Scott Harris,36,Engineer,141412.44,Beta,1970-08-12,IT
90,Nicole Ross,57,Consultant,103052.97,Project3,1993-10-22,IT
94,Michelle Obrien,22,Developer,118335.49,Delta,2008-10-16,IT
105,Austin Morris,51,Developer,117401.94,Project6,2013-08-05,IT
110,Kiara Richardson,39,Consultant,84905.26,Project5,2023-05-01,IT
112,Christopher Cook,22,Analyst,78734.17,Project4,2007-02-27,IT
113,Michelle Robinson,43,Engineer,134442.28,Project3,2004-11-29,IT
119,Becky Cain,24,Manager,125504.34,Gamma,2003-09-21,IT
120,Brian Green,34,Manager,78065.81,Project1,1984-02-19,IT
125,Kendra Palmer,33,Consultant,75135.71,Project4,1973-06-18,IT
138,Holly Moore,57,Developer,126643.64,Alpha,1979-10-16,IT
148,Andrea Rodriguez,41,Analyst,65615.23,Beta,2000-05-19,IT
153,Robert Garcia,35,Developer,60323.01,Project4,1980-11-20,IT
156,Dawn Huffman,53,Developer,146905.19,Gamma,2014-04-23,IT
157,Logan Jones,35,Developer,129034.31,Alpha,2019-10-25,IT
160,Alexandra Roman,37,Manager,81495.78,Project2,1980-02-05,IT
169,Eric Flores,23,Consultant,125097.9,Alpha,1971-09-08,IT
172,Claudia Williams,35,Analyst,48304.47,Gamma,2018-06-18,IT
174,Terri Lamb,48,Manager,108548.93,Project1,2004-04-16,IT
183,Leonard Perkins,44,Manager,52555.77,Project1,2002-11-27,IT
190,Jill Byrd,60,Analyst,136660.27,Project6,2001-07-07,IT
193,Rachel Richards,26,Manager,83815.86,Project3,2012-07-13,IT
195,Crystal Thomas,31,Consultant,118651.19,Project2,2005-11-24,IT
206,Patricia Martinez,41,Consultant,46236.1,Alpha,2017-05-28,IT
230,Amber Macdonald,55,Manager,136387.7,Project6,1977-05-09,IT
240,Andrea Henderson,53,Developer,85290.77,Project2,2019-07-09,IT
246,Deborah Thomas,27,Analyst,140333.52,Delta,2019-05-22,IT
248,Linda Sandoval,33,Consultant,98795.61,Gamma,1972-05-18,IT
251,Billy Palmer,24,Manager,147273.62,Project3,1977-01-21,IT
258,Holly Wright,44,Developer,53492.34,Alpha,2008-03-29,IT
265,Michael Figueroa,30,Developer,46541.27,Gamma,1988-05-11,IT
270,Christopher Anderson,30,Developer,77466.82,Project2,2023-05-28,IT
271,Albert Thompson,50,Engineer,77234.78,Project6,1978-11-10,IT
274,Marie Norman,40,Developer,130029.14,Project1,1993-05-06,IT
292,Craig Mosley,60,Analyst,141383.48,Project4,1979-06-18,IT
295,Michael Perry,34,Engineer,97285.25,Omega,2001-02-19,IT
296,Holly Solis,46,Analyst,52293.3,Delta,1977-03-16,IT
298,Carol Potter,35,Manager,58708.17,Project4,1993-06-19,IT
299,Robin Adams,56,Analyst,104023.51,Project6,1981-10-01,IT
302,Amanda Mcguire,41,Developer,115028.95,Gamma,2020-02-16,IT
304,Richard Lewis,54,Consultant,45829.0,Project3,2021-03-24,IT
312,Dana Nunez,39,Consultant,142894.69,Project1,2021-10-31,IT
314,William Hall,59,Developer,110779.9,Omega,2017-08-17,IT
315,Brian Gibson,46,Engineer,115123.83,Project1,1980-01-09,IT
316,Kim Harrison,54,Manager,72089.15,Delta,2021-05-29,IT
318,Michelle Brown,22,Developer,56391.63,Project5,1991-06-27,IT
321,Kylie Hood,27,Developer,61897.27,Alpha,2021-11-28,IT
322,Brendan Turner,39,Analyst,83571.43,Project4,2007-02-16,IT
334,Johnathan Mcgee,43,Manager,62544.33,Alpha,2005-05-30,IT
343,Valerie Gibbs,22,Developer,52978.2,Project4,1978-07-31,IT
344,Stacey Clark,55,Engineer,53232.64,Omega,1988-09-11,IT
352,Billy Harris,40,Engineer,55646.99,Beta,1979-04-03,IT
359,Martha Schultz,33,Consultant,89675.69,Project1,2021-05-03,IT
364,Amy Washington,56,Manager,90909.18,Delta,1982-10-26,IT
366,Todd Odonnell,37,Analyst,95885.3,Project1,2004-12-30,IT
372,Tanya Rodgers,41,Engineer,106314.51,Alpha,1998-10-10,IT
375,Cynthia Proctor,51,Engineer,86125.21,Beta,1998-03-19,IT
377,Tracy Brown,23,Analyst,74629.74,Alpha,1982-12-28,IT
379,Raymond Payne,47,Analyst,129016.32,Omega,2009-08-13,IT
385,Patrick Le,28,Consultant,111650.36,Gamma,2009-01-06,IT
395,Danielle Williams,58,Engineer,143742.6,Gamma,1983-04-01,IT
400,Denise Jones,28,Consultant,40607.14,Project4,1996-07-19,IT
409,Robin French,29,Manager,55811.53,Delta,1980-06-28,IT
412,Joel Davis,40,Manager,145758.86,Project1,1975-01-11,IT
428,Amanda Dougherty,57,Consultant,102413.27,Project4,2017-10-05,IT
429,Joshua Lopez,23,Analyst,43356.97,Beta,1987-04-07,IT
434,Mark Martin,36,Engineer,105417.96,Project6,1973-06-07,IT
437,Jasmine Edwards,51,Manager,87751.81,Alpha,2023-12-15,IT
443,Christopher Hart,54,Consultant,45334.77,Project4,1988-12-30,IT
447,Susan Jones,46,Developer,120947.98,Omega,1976-08-23,IT
452,Tamara Simmons,28,Consultant,129280.85,Delta,1983-02-01,IT
455,Eric Garcia,47,Developer,108710.52,Project6,2021-11-30,IT
458,Benjamin Clark,52,Engineer,75927.27,Delta,2014-07-28,IT
459,Gary Lawson,32,Engineer,70969.41,Project3,1982-02-02,IT
460,Cindy Stein,54,Engineer,134702.03,Delta,2019-02-10,IT
464,Melissa Moore,54,Analyst,69260.35,Project5,1977-07-08,IT
471,Marc Lowe,44,Analyst,80976.74,Project5,2009-12-24,IT
481,Wendy Castillo,24,Engineer,65870.85,Alpha,1990-04-02,IT
483,Brendan Lara,23,Manager,98656.11,Project3,2004-05-09,IT
489,Gina Green,59,Engineer,100962.19,Alpha,1994-07-25,IT
491,Andrew Weaver,46,Engineer,52210.56,Project2,2016-05-13,IT
495,Brian Walker,33,Analyst,65073.13,Gamma,1976-03-15,IT
499,Robert Manning,27,Manager,67078.63,Gamma,1993-12-23,IT
503,Louis Lynch,52,Analyst,81525.49,Alpha,1987-11-21,IT
504,Laura Archer,38,Consultant,126756.75,Project3,2020-09-08,IT
505,Brooke Powers,23,Manager,142828.19,Project2,2021-05-15,IT
506,Pam Perez,41,Engineer,127063.26,Project1,1986-08-21,IT
510,Jordan Smith,50,Consultant,84832.56,Project3,2001-08-16,IT
512,Marcus Gutierrez,43,Analyst,113092.76,Alpha,1997-10-11,IT
527,James Hammond,38,Analyst,43256.11,Beta,1998-09-26,IT
528,Heather Sutton,34,Consultant,132906.73,Alpha,1973-08-13,IT
534,John Rosales,52,Manager,83264.33,Project2,2002-08-28,IT
538,Tony Patterson,31,Developer,60825.33,Project6,1971-02-09,IT
543,Mrs. Jennifer Blackwell,51,Developer,68601.49,Project5,2021-08-05,IT
544,Mary Evans,48,Consultant,108717.62,Project3,1995-03-15,IT
549,Catherine Guerra,57,Manager,51055.14,Project2,2011-02-24,IT
552,Brian Luna,25,Engineer,145303.11,Delta,1977-08-19,IT
558,Thomas Costa,33,Engineer,126039.92,Project2,2016-12-29,IT
563,Alan Bartlett,37,Manager,119269.58,Project5,1970-02-08,IT
567,Allen Miller,28,Analyst,41491.56,Project3,1993-04-23,IT
569,Corey Rios,41,Consultant,47715.7,Project4,2021-08-13,IT
576,Rebecca Martinez,34,Developer,79443.71,Project1,1971-08-17,IT
579,Stacy Browning,24,Engineer,92036.82,Project6,1979-10-24,IT
581,Sandra Washington,55,Consultant,63207.63,Project1,1977-10-08,IT
583,Brian Scott,31,Developer,76032.51,Gamma,1987-02-24,IT
588,Sheryl Morgan,59,Analyst,102382.26,Project3,2014-11-13,IT
594,Madison Brown,24,Manager,94599.13,Project2,2023-10-04,IT
599,Melissa Smith,59,Consultant,91623.53,Delta,2005-10-20,IT
601,Jason Livingston,33,Engineer,130000.43,Project5,2010-01-14,IT
620,Curtis Holt,56,Analyst,87763.07,Project3,1992-01-23,IT
626,Timothy Figueroa,44,Consultant,81814.88,Alpha,1988-07-04,IT
635,Douglas Stuart,23,Engineer,52469.53,Project2,2015-05-04,IT
636,Scott Harrison,34,Engineer,74859.13,Project3,2021-09-23,IT
640,Daniel Gomez,30,Engineer,91556.1,Alpha,1981-05-18,IT
649,Henry Ryan,37,Manager,52522.02,Beta,1995-07-12,IT
652,Mr. Ryan Carter,27,Analyst,82007.8,Delta,2007-10-11,IT
660,Reginald Brown,35,Engineer,102312.87,Delta,1991-03-12,IT
678,Ann Ortiz,54,Analyst,68726.47,Beta,2007-02-15,IT
680,Antonio Brown,22,Developer,148214.7,Project2,1980-11-26,IT
682,Teresa Mccoy,36,Engineer,129666.25,Delta,1987-11-17,IT
684,Bobby Franklin,42,Engineer,128325.66,Delta,2009-11-03,IT
694,Rachael Schwartz,39,Consultant,43942.17,Alpha,2018-05-23,IT
697,Henry Francis,22,Consultant,58176.04,Project2,2005-07-19,IT
699,Philip Christian,37,Analyst,142581.4,Project6,1996-03-26,IT
707,Robert Pollard,48,Manager,126945.21,Gamma,2001-07-08,IT
715,Samantha Christensen,36,Developer,137305.8,Project3,2011-12-14,IT
719,Andrew Bell,33,Developer,79203.45,Delta,2001-02-08,IT
722,David Johnson,31,Manager,127749.66,Project1,2014-09-27,IT
738,Todd Vang,39,Engineer,120807.49,Alpha,1980-10-24,IT
739,Cindy Rodriguez MD,53,Consultant,99923.96,Project6,1982-06-16,IT
743,Anthony Estrada Jr.,60,Engineer,134662.48,Project6,1982-06-13,IT
747,Michelle Allen,53,Consultant,71252.9,Project6,1999-09-14,IT
748,Jennifer Gibbs,27,Consultant,44851.25,Project2,1984-02-14,IT
751,Sandra Murphy,35,Manager,144385.95,Project4,1995-07-15,IT
755,Matthew Clarke,56,Manager,95635.61,Project2,1989-11-03,IT
765,Michele Palmer,37,Consultant,142786.89,Project6,2002-09-04,IT
776,Mary Castro,46,Developer,50138.89,Gamma,1997-05-13,IT
777,Shelley Burton,41,Analyst,146210.88,Project3,2011-06-03,IT
779,Nicole Lane,35,Analyst,85224.37,Alpha,1998-06-16,IT
785,Nicole Burton,25,Engineer,40047.79,Delta,1999-03-19,IT
787,Kimberly Jones,46,Consultant,49455.83,Project4,1996-12-15,IT
789,Valerie Moreno,30,Engineer,84831.03,Project1,2014-07-30,IT
790,Corey Lee,60,Manager,127927.52,Delta,2011-03-14,IT
791,Amy Randolph,23,Manager,116887.17,Project5,1998-04-09,IT
792,Timothy Hunt,45,Manager,77656.72,Gamma,2009-03-21,IT
810,Melissa Johnson,31,Engineer,111003.38,Omega,1986-01-09,IT
816,Christina Hansen,37,Developer,42680.01,Omega,2002-09-10,IT
817,Dana Chan,37,Engineer,113501.44,Project3,1980-12-28,IT
822,Allison Day,53,Manager,47980.74,Gamma,2004-10-22,IT
827,Kellie Walters,45,Manager,107589.69,Project4,1991-05-02,IT
839,Melissa Norris,24,Developer,90586.14,Beta,1974-11-10,IT
846,James Kirk,43,Consultant,128644.04,Beta,1979-02-15,IT
855,Melinda Morgan,55,Analyst,99770.23,Gamma,1994-05-19,IT
856,Yvonne Baker,28,Analyst,49464.46,Delta,1992-05-28,IT
866,Sandra Werner,57,Consultant,87946.34,Project1,1983-04-10,IT
875,Danielle Cole,57,Developer,149718.98,Beta,2007-04-11,IT
882,David Dickerson,51,Consultant,49773.36,Alpha,1986-09-11,IT
886,James Huynh,30,Manager,76137.49,Delta,1981-10-08,IT
895,Tim Mcguire,44,Developer,147927.27,Project5,1986-04-08,IT
900,Katherine Fernandez,40,Analyst,148473.42,Project1,1979-04-21,IT
904,Dominique Stone,55,Analyst,107269.13,Gamma,1985-09-03,IT
905,Edward Freeman,60,Analyst,80724.77,Project2,1991-07-18,IT
906,Brianna Hughes,34,Consultant,43695.87,Alpha,1999-06-27,IT
916,Jacob Rodriguez,28,Engineer,40170.8,Alpha,1977-11-19,IT
917,Todd Sparks,47,Consultant,81608.56,Alpha,1970-06-25,IT
922,David Henderson,31,Engineer,124786.91,Project6,2022-12-15,IT
933,Virginia Hendrix,24,Engineer,115038.05,Project3,2000-09-17,IT
938,Nicholas Huang,40,Consultant,146906.95,Omega,1988-04-16,IT
943,Christopher Robinson,29,Manager,57157.51,Project4,2007-10-20,IT
944,Beth Frey,49,Developer,97292.65,Project3,1988-04-20,IT
945,Stephanie Gillespie,54,Consultant,118756.38,Project6,2020-01-26,IT
950,Ashlee David,28,Analyst,109904.77,Beta,1972-11-18,IT
954,Jacqueline Lee,42,Consultant,69710.43,Project2,2009-06-05,IT
958,Angela James,30,Engineer,145327.73,Beta,1970-07-25,IT
962,Andrea Richards,29,Manager,147544.11,Project6,1994-03-13,IT
963,Marissa Bradley,26,Analyst,107252.98,Omega,1983-10-16,IT
970,Jessica Jones,49,Engineer,113158.3,Project5,1976-06-28,IT
987,Deborah Browning,41,Analyst,64944.83,Beta,1985-11-27,IT
989,Alex Hernandez,55,Engineer,73212.21,Alpha,1983-02-25,IT
1,John Santiago,36,Engineer,75429.14,Delta,1996-10-20,Marketing
3,Ricky Rogers,59,Developer,81006.51,Delta,1991-12-30,Marketing
14,Ryan Wood,60,Analyst,140456.23,Delta,1976-02-10,Marketing
15,Gary Davis,23,Consultant,70837.17,Gamma,1973-03-07,Marketing
17,Kiara Walsh,48,Analyst,60968.79,Project4,1990-03-05,Marketing
21,Sonya Allen MD,30,Analyst,142665.95,Project4,2016-07-30,Marketing
22,Timothy Cox,54,Analyst,124583.33,Project2,1979-03-27,Marketing
27,Jennifer Fuller,33,Manager,84883.82,Gamma,2008-09-20,Marketing
28,James Sherman,25,Analyst,120389.38,Beta,1991-12-28,Marketing
29,Amber Silva,50,Engineer,102322.75,Project6,1988-01-13,Marketing
31,Andrea Randall,60,Analyst,125146.33,Project2,2001-09-06,Marketing
43,Julie Blankenship,51,Manager,99205.39,Alpha,1980-03-07,Marketing
44,Dylan Dominguez,37,Consultant,104031.01,Project3,2019-09-13,Marketing
46,Brenda Taylor,59,Consultant,80089.62,Project1,1997-03-20,Marketing
79,Gregory Dean,30,Engineer,96970.28,Project1,2004-01-30,Marketing
84,Meredith Jones,52,Developer,79729.0,Project2,1993-12-19,Marketing
95,Joel Vincent,48,Manager,80539.78,Project3,1974-11-04,Marketing
99,Catherine Sullivan,54,Manager,136438.0,Project6,1984-09-07,Marketing
102,Anthony Barton,56,Developer,51640.14,Project4,2009-01-24,Marketing
103,Jeffery Martin,36,Analyst,114972.47,Project5,2020-06-18,Marketing
104,Kevin Mercer,60,Consultant,134344.81,Omega,1978-03-19,Marketing
108,Jill English,46,Analyst,58928.25,Alpha,2004-11-19,Marketing
123,Karen Coffey,42,Manager,140328.78,Project4,2012-05-01,Marketing
136,Matthew Hanson,26,Manager,128369.26,Project6,1981-01-23,Marketing
144,Julie Brooks,28,Consultant,51512.48,Omega,1973-11-14,Marketing
146,Michael White,26,Manager,112550.17,Delta,1978-09-12,Marketing
150,Kimberly Campbell,42,Developer,56693.78,Delta,2016-02-09,Marketing
151,Lorraine Garcia,26,Developer,122474.13,Project6,2000-03-05,Marketing
162,Peggy Meyer,22,Consultant,58835.42,Project4,1994-04-13,Marketing
175,Kathryn Peterson,58,Manager,66279.25,Project1,2002-06-25,Marketing
177,Sydney Baker,34,Analyst,65443.95,Project2,1997-04-25,Marketing
178,Melanie Schaefer,53,Analyst,76656.01,Project4,1970-09-05,Marketing
180,Christy Jones,57,Engineer,49332.66,Project1,2014-02-11,Marketing
181,Cody Ross,58,Engineer,88863.78,Project1,1981-05-06,Marketing
185,Bradley Mullins,50,Analyst,94361.96,Project6,1986-05-19,Marketing
188,Brenda Wilson,31,Engineer,55408.24,Beta,2004-09-10,Marketing
196,Samuel Johnson,23,Analyst,40668.04,Beta,2024-12-13,Marketing
199,Caroline Young,37,Consultant,42010.53,Delta,1987-12-09,Marketing
200,Lance Williams,39,Analyst,79789.64,Project1,2004-11-24,Marketing
201,Robert Ramirez,46,Engineer,71987.18,Project1,2014-02-12,Marketing
205,John Schneider,25,Engineer,88925.64,Project4,1993-06-27,Marketing
217,Kelly Wyatt,32,Analyst,102671.12,Project3,2005-10-16,Marketing
220,Jennifer Garcia,47,Manager,102402.78,Alpha,1990-10-29,Marketing
221,Richard White,60,Manager,97611.83,Project5,2009-06-14,Marketing
232,Sara Mcguire,32,Developer,113674.7,Project5,2012-03-05,Marketing
244,Melinda Ruiz,33,Analyst,58744.39,Project5,2006-10-08,Marketing
252,Tyler Brown,34,Engineer,55047.65,Project5,1994-12-19,Marketing
256,Richard Martin,24,Manager,95638.88,Alpha,2007-02-08,Marketing
261,Jill Moyer,56,Consultant,110526.69,Alpha,1984-06-19,Marketing
269,Lisa Franklin,59,Analyst,134016.27,Beta,1999-10-03,Marketing
272,Frank Martin,38,Consultant,148027.9,Project3,2024-02-18,Marketing
273,Stephanie Pierce,40,Consultant,106981.27,Alpha,1978-07-11,Marketing
275,Marvin Dixon,29,Analyst,96593.06,Project5,1973-04-14,Marketing
277,Brian Gray,49,Analyst,60372.01,Project1,1992-09-09,Marketing
278,Victor Weeks,41,Manager,104484.53,Project2,2013-10-20,Marketing
283,Michael Jackson,50,Developer,134125.6,Project4,2010-07-06,Marketing
288,Alyssa Young,23,Consultant,132011.88,Project3,1982-05-14,Marketing
290,Diana Gray,30,Engineer,73472.04,Omega,1997-07-30,Marketing
297,Jesus Charles,23,Consultant,57599.83,Project1,1997-07-11,Marketing
305,Chris Jones,44,Analyst,98172.76,Project5,1991-07-05,Marketing
310,Jose Walls,55,Engineer,68908.6,Project2,1989-08-13,Marketing
317,Tracy Mitchell,29,Developer,142159.89,Beta,1988-06-30,Marketing
320,Travis Allen,59,Manager,86128.2,Project6,1982-12-11,Marketing
323,Cassandra Arnold,26,Engineer,103874.67,Project3,1996-09-15,Marketing
326,Katelyn Faulkner,53,Developer,48928.61,Alpha,2003-01-26,Marketing
331,Mary Turner,59,Engineer,56580.5,Project2,2001-02-10,Marketing
332,Jeffery Foley,52,Consultant,118983.8,Project6,1994-06-02,Marketing
335,Ian Nguyen,55,Analyst,69220.73,Project4,1977-11-17,Marketing
340,James Stevens,26,Consultant,146917.9,Project1,2007-07-31,Marketing
346,Douglas Mckenzie,48,Analyst,107675.74,Project1,1983-12-10,Marketing
357,Misty Anderson,41,Manager,124207.65,Alpha,2009-07-03,Marketing
358,Troy Fuller,23,Engineer,85299.81,Project3,1984-06-18,Marketing
367,Amanda Clark,44,Engineer,97212.73,Project4,1985-12-18,Marketing
371,Sherry Johnston,27,Consultant,140447.44,Delta,1995-04-22,Marketing
376,Jeff Welch,34,Analyst,55132.49,Beta,2017-07-17,Marketing
380,Ronald Berry,28,Analyst,120047.92,Project6,2016-01-24,Marketing
384,Vanessa Stewart,29,Consultant,127447.67,Project2,2008-07-02,Marketing
388,John Alvarado,51,Engineer,149507.19,Project1,2011-07-19,Marketing
396,Drew Cruz,22,Developer,62384.37,Project3,1993-02-05,Marketing
397,Lisa Carter,48,Manager,45359.64,Omega,2014-07-28,Marketing
408,April Taylor,42,Developer,62503.84,Beta,1985-09-29,Marketing
417,Benjamin Townsend,26,Consultant,47600.4,Project5,2003-12-19,Marketing
439,Danielle Brown,49,Manager,113094.66,Project2,2022-01-08,Marketing
444,Natalie Young,56,Developer,133653.52,Project4,1981-07-03,Marketing
450,Darren Watson,38,Consultant,42707.26,Project4,2011-11-11,Marketing
451,Christine Arnold,38,Developer,72000.41,Project3,2019-06-15,Marketing
457,Stephanie Richardson,25,Developer,96426.72,Project4,2006-10-01,Marketing
462,Angela Simmons,53,Analyst,48974.92,Project5,1997-12-24,Marketing
466,Gail Velasquez MD,60,Consultant,72307.39,Omega,2022-03-20,Marketing
467,Matthew Smith,32,Manager,46907.57,Project3,2009-03-06,Marketing
472,Michelle Smith,43,Analyst,123857.16,Gamma,1995-11-04,Marketing
474,Jason Smith,22,Engineer,149100.16,Project5,2019-01-28,Marketing
475,Mark Green,30,Engineer,113501.52,Omega,2016-09-01,Marketing
482,David Roberts III,58,Consultant,96251.42,Beta,2015-08-02,Marketing
484,Karen Lewis,56,Developer,52370.92,Project6,1988-01-20,Marketing
485,Lori Lang,36,Engineer,77427.91,Project4,1981-06-24,Marketing
486,Benjamin Bryant,31,Developer,81921.9,Project3,2022-12-23,Marketing
490,Nancy Jackson,44,Developer,61476.75,Project5,1970-01-31,Marketing
498,Timothy Manning,29,Manager,53998.65,Alpha,1974-07-07,Marketing
500,Ryan Lopez,40,Manager,88642.2,Project2,2013-05-12,Marketing
508,James Black,49,Engineer,60736.58,Omega,1998-11-23,Marketing
511,Sherri Wilson,56,Engineer,78070.16,Project6,1994-11-12,Marketing
520,Anthony Weaver,58,Manager,46592.19,Omega,1996-11-16,Marketing
521,Larry Sanchez,45,Engineer,126908.01,Project4,1989-10-15,Marketing
526,Michelle Bryant,32,Consultant,58881.05,Beta,2012-10-30,Marketing
530,Laura Phillips,46,Developer,98004.54,Project6,2022-03-06,Marketing
533,Loretta Espinoza,34,Manager,100209.85,Project6,1977-10-27,Marketing
542,Michele Butler,30,Engineer,130495.83,Beta,2020-04-10,Marketing
546,Dr. Matthew Harris,41,Analyst,97946.43,Delta,1979-04-12,Marketing
548,Ashley Crawford,60,Engineer,103311.68,Omega,1982-02-27,Marketing
555,Lauren Webb,49,Manager,104638.09,Project5,1970-04-06,Marketing
566,Paul Fernandez,39,Engineer,139401.73,Project2,2011-01-28,Marketing
568,Patrick Evans,53,Manager,59195.0,Delta,2010-08-07,Marketing
590,Cheyenne Martin,60,Engineer,76713.57,Omega,2003-11-29,Marketing
598,Lisa Cobb,52,Consultant,87226.79,Project4,1995-11-17,Marketing
600,Charles Melton,44,Developer,140513.56,Alpha,1972-11-29,Marketing
610,Carolyn Choi,54,Consultant,132754.34,Project1,2005-08-23,Marketing
612,Barbara Knox,50,Engineer,41987.3,Project2,1980-04-02,Marketing
619,Alexander Hughes,22,Engineer,134208.39,Delta,1983-01-17,Marketing
621,Christina Murphy,48,Engineer,102648.05,Omega,2018-12-12,Marketing
622,Jamie Wilson,39,Engineer,92920.97,Gamma,1994-06-07,Marketing
623,Nathan Booker,34,Developer,90504.75,Project3,1990-02-22,Marketing
625,Michele Soto,37,Analyst,119093.55,Project5,1990-06-28,Marketing
627,Jessica Rasmussen,25,Analyst,138674.0,Beta,1990-09-07,Marketing
629,Jasmine Brown,27,Developer,123673.05,Project6,2018-12-18,Marketing
633,Nathaniel Chaney,35,Consultant,86314.13,Project6,1976-06-25,Marketing
634,Amber Bass,28,Developer,95143.37,Project1,2003-05-07,Marketing
646,Sean Lambert,33,Developer,92464.98,Project5,1978-11-14,Marketing
648,Michael Hardy,29,Developer,108100.97,Gamma,1981-10-02,Marketing
650,Megan Fields,46,Analyst,86811.09,Gamma,1973-07-16,Marketing
655,Raymond Foster,59,Analyst,125916.92,Project6,2021-11-22,Marketing
657,Dr. Elijah Oconnor,29,Analyst,60697.18,Project5,1970-10-21,Marketing
658,Hannah Alexander,57,Analyst,118248.08,Gamma,2022-08-31,Marketing
659,Jennifer Roberts,55,Engineer,65770.26,Omega,2009-09-08,Marketing
666,Joshua Daniels,53,Developer,110533.48,Project2,2002-11-09,Marketing
670,Tina Perez,27,Developer,115453.27,Project1,2021-03-20,Marketing
676,Mario Ponce,24,Consultant,108421.19,Project2,1980-02-01,Marketing
683,Roy Johnston,30,Developer,50057.76,Alpha,2001-11-01,Marketing
685,Charles Harris,47,Developer,139554.81,Project2,2014-11-30,Marketing
690,Nicholas Brown,39,Analyst,79302.46,Project5,2015-08-25,Marketing
696,Mrs. Julia Gordon,52,Developer,77966.25,Project2,1991-02-10,Marketing
702,Jared Martin,57,Analyst,130346.65,Project6,2014-04-02,Marketing
704,Troy Perez,54,Developer,66406.18,Project6,1980-03-31,Marketing
706,Kenneth Hanson,47,Consultant,64643.49,Delta,2001-06-30,Marketing
709,Luke Walker,47,Analyst,54829.96,Beta,2024-09-28,Marketing
713,Miss Dawn Fox,47,Consultant,92416.7,Project2,2015-10-19,Marketing
716,Jonathan Rodriguez,41,Consultant,103244.96,Project1,1991-11-03,Marketing
720,Leslie Walters,56,Manager,91734.5,Project4,2006-10-16,Marketing
721,William Cooper,30,Developer,47054.26,Project3,1985-10-29,Marketing
724,Leslie Lee,24,Developer,91672.56,Project4,1983-12-08,Marketing
726,Lori Ellis,25,Analyst,94570.54,Project2,1975-12-31,Marketing
728,Brian Clarke,47,Manager,96132.51,Project1,1977-05-01,Marketing
729,Heather Weber,41,Analyst,65790.42,Beta,1973-01-12,Marketing
733,Geoffrey Vincent,29,Developer,146162.44,Project3,1970-06-22,Marketing
735,Lauren Moore,31,Analyst,110724.17,Project4,1994-05-13,Marketing
740,Donna Johnson,41,Consultant,85054.69,Alpha,1988-09-13,Marketing
746,Christopher Hudson,48,Developer,110749.63,Project2,2014-12-11,Marketing
749,Nicholas Johnson,30,Manager,147239.06,Project6,1980-05-14,Marketing
758,Faith Scott MD,59,Consultant,70794.52,Project6,2001-06-16,Marketing
761,Elizabeth Bailey,43,Engineer,54222.24,Alpha,2000-11-06,Marketing
766,Nicole Mullins,54,Engineer,68219.8,Alpha,1999-11-27,Marketing
771,Alexandra Lester,58,Manager,75343.99,Project4,1998-08-19,Marketing
775,Dr. Jessica Taylor PhD,26,Consultant,47091.09,Project5,2023-03-17,Marketing
781,Brian Moore,57,Developer,54816.91,Omega,1973-08-04,Marketing
782,Erin Hoffman,30,Engineer,45987.59,Project2,1987-04-17,Marketing
784,John Barnes,30,Manager,109324.43,Omega,1985-06-20,Marketing
786,Gabriel Hamilton,49,Manager,79682.9,Project5,2024-05-23,Marketing
794,Deanna Ross,45,Analyst,100759.83,Omega,1998-05-11,Marketing
812,Lisa Flores,22,Engineer,140120.98,Project4,1970-07-06,Marketing
818,Daisy Scott,48,Engineer,79422.4,Beta,1974-08-14,Marketing
821,Stacey Wright,30,Consultant,138465.22,Omega,2017-12-19,Marketing
824,Mark Hughes,29,Manager,122797.38,Project2,2016-02-13,Marketing
826,Megan Shaw,42,Manager,127873.83,Project3,2007-10-31,Marketing
829,Kevin Grant,44,Analyst,143312.8,Project6,1973-09-29,Marketing
830,Michelle Sparks,33,Developer,47229.17,Project4,1974-03-05,Marketing
835,Catherine Tate,49,Analyst,47941.33,Project6,1974-04-25,Marketing
850,Jennifer White,55,Consultant,126663.76,Delta,2013-05-21,Marketing
851,Brian Martinez,52,Consultant,62852.81,Beta,2006-08-14,Marketing
852,Jennifer Maynard,55,Developer,110795.85,Project5,2022-07-14,Marketing
859,Benjamin Compton,48,Developer,53958.98,Project5,2009-03-11,Marketing
864,Brian Wallace PhD,58,Analyst,68189.51,Delta,2023-08-12,Marketing
868,Anthony Bowman,55,Developer,123383.75,Delta,1986-09-24,Marketing
869,Madison Bird,59,Developer,137444.36,Project1,1973-04-12,Marketing
876,John Richards,54,Consultant,139782.34,Beta,2016-10-10,Marketing
879,David Bradshaw,53,Consultant,115805.52,Beta,1982-05-18,Marketing
888,Crystal Meyer,49,Developer,148664.72,Project1,2000-02-03,Marketing
897,Mark Johnson,54,Analyst,48339.07,Project1,2020-10-16,Marketing
907,Daniel Barton,25,Engineer,141300.77,Alpha,1972-03-30,Marketing
919,Timothy Wood,38,Analyst,81406.95,Project5,1977-11-21,Marketing
921,Mark Peters,47,Engineer,99952.16,Project1,2017-09-08,Marketing
927,Jennifer Gonzalez,38,Analyst,92750.6,Alpha,1980-11-19,Marketing
928,David Mueller,29,Engineer,42820.72,Alpha,1988-08-28,Marketing
941,Samantha Hebert,45,Manager,55701.37,Project1,2011-07-12,Marketing
949,Shelby White,59,Analyst,101891.97,Project4,2017-07-14,Marketing
957,Victor Price,36,Engineer,122296.18,Project1,2000-08-08,Marketing
964,Karen Maldonado,24,Engineer,138593.81,Delta,1976-10-25,Marketing
968,Jeffrey Benjamin,54,Analyst,47064.18,Project2,1975-05-23,Marketing
981,Kenneth Medina,47,Consultant,103283.28,Project4,2013-10-12,Marketing
985,Jessica Herrera,55,Engineer,144716.78,Omega,1977-09-03,Marketing
988,Anthony Schroeder,46,Engineer,55703.57,Project2,2010-02-05,Marketing
992,Anthony Mendoza,28,Manager,77502.45,Project5,2004-07-15,Marketing
998,Collin Schneider,56,Developer,97279.0,Project6,1981-02-25,Marketing
999,Kari Hernandez,60,Developer,82887.86,Gamma,2007-02-24,Marketing
2,Deborah Murray,49,Engineer,145726.55,Delta,2009-09-02,Operations
8,Tanya King,42,Engineer,135356.02,Delta,1992-01-04,Operations
12,Candice Smith,23,Engineer,110120.03,Delta,2004-04-18,Operations
25,Karen Williams,22,Consultant,112567.59,Beta,1993-03-08,Operations
32,Jason Obrien,23,Engineer,107650.78,Delta,2018-08-01,Operations
42,Lynn Bruce,36,Manager,139639.98,Project4,1979-02-27,Operations
48,Peter Moore,45,Manager,103561.94,Project2,1986-06-08,Operations
52,John Dickerson,56,Analyst,86766.71,Project4,2009-05-02,Operations
55,Maria Cruz,42,Consultant,103697.06,Gamma,1997-07-16,Operations
57,Regina Hudson,51,Developer,139588.72,Omega,1997-12-29,Operations
61,Julie Smith,35,Manager,78508.34,Project4,2000-05-22,Operations
67,Ashley Howell,47,Consultant,106326.46,Project2,2016-03-26,Operations
76,Meagan Douglas,28,Engineer,78451.43,Project5,1973-11-23,Operations
82,Brian Estrada,40,Developer,78763.19,Project4,1974-12-10,Operations
83,Kaitlyn Stewart,26,Manager,118861.42,Project6,1998-05-03,Operations
86,Erik Davis,58,Engineer,78808.21,Gamma,2004-05-21,Operations
93,Kimberly Gonzalez,30,Developer,49809.03,Project5,1971-05-06,Operations
96,David Pitts,44,Analyst,41301.45,Alpha,1991-04-16,Operations
98,Catherine Daniels,43,Developer,103366.2,Project5,1988-02-12,Operations
111,Michelle Hernandez,40,Consultant,119800.33,Delta,1977-05-05,Operations
114,Stephanie Maxwell,39,Consultant,44889.89,Project2,1974-05-31,Operations
115,Melanie Walker,36,Developer,113224.5,Project5,1971-03-22,Operations
117,Matthew Peters,56,Engineer,81911.19,Project4,1995-05-11,Operations
118,Tonya Martin,50,Developer,129267.61,Project1,1990-03-24,Operations
134,Michael Rivers,35,Manager,129925.58,Alpha,2021-03-26,Operations
139,Nathan Campbell,51,Analyst,57613.85,Project2,1984-10-14,Operations
142,Laura Johnson,39,Manager,136346.66,Project6,2021-03-30,Operations
161,Linda Wilson,46,Developer,131052.03,Gamma,2007-04-08,Operations
165,Melissa Ramos,35,Manager,48495.59,Project5,1988-06-04,Operations
166,Melissa Smith,36,Consultant,140341.05,Project6,1985-08-02,Operations
171,Joshua Simmons,40,Analyst,57274.67,Omega,1990-10-12,Operations
189,Kristin Mercer,51,Manager,144230.23,Beta,1971-10-26,Operations
191,Derrick Moses,60,Developer,90361.84,Gamma,1993-08-27,Operations
192,Alejandra Coleman,36,Analyst,63004.62,Delta,1985-08-22,Operations
194,Patrick Wells,53,Manager,115258.25,Omega,2014-07-03,Operations
198,Susan Crawford,60,Consultant,127468.34,Project1,1991-04-26,Operations
202,Aaron Bryant,26,Manager,115019.92,Alpha,2019-10-15,Operations
203,Calvin Barnes,35,Manager,127423.33,Beta,2010-02-08,Operations
204,Ms. Deborah Howard,39,Consultant,90915.32,Alpha,1982-07-06,Operations
211,Mark Wilson,25,Engineer,99320.69,Project4,2002-05-22,Operations
216,Beth Leach,60,Engineer,41358.19,Omega,1986-02-22,Operations
223,Alice Anderson,41,Developer,45957.18,Project2,2016-10-06,Operations
229,Edwin Miller,36,Engineer,105061.71,Delta,1981-09-05,Operations
242,Donald Lee,41,Developer,145495.52,Omega,2015-03-14,Operations
249,Christopher Villarreal,30,Consultant,51469.18,Project6,1989-01-10,Operations
257,Elizabeth Harrison,52,Manager,119283.36,Project4,1971-06-29,Operations
259,Joseph Martinez,28,Analyst,58959.15,Delta,2013-07-10,Operations
262,Donald Andrade,50,Consultant,144159.44,Gamma,2022-10-01,Operations
264,Kevin Nicholson,28,Manager,112676.63,Project6,2021-09-15,Operations
268,Marissa Diaz,43,Engineer,96796.36,Project6,1995-10-09,Operations
279,David Walker,59,Consultant,44493.47,Project2,1994-09-24,Operations
281,Joseph Davis,57,Engineer,126722.18,Delta,1982-12-10,Operations
284,Dylan Wilson,52,Analyst,82337.68,Project6,1983-02-25,Operations
286,Tiffany Stevens,29,Analyst,128166.85,Project1,1998-10-14,Operations
294,Brandon Roberts,49,Engineer,134031.73,Gamma,1994-11-22,Operations
308,Robert Pena,54,Consultant,106397.38,Project4,2011-06-05,Operations
311,Alexis Jenkins,50,Developer,60982.89,Beta,2011-12-23,Operations
325,William Hartman,24,Manager,104920.42,Project3,2005-11-19,Operations
329,Joseph Lamb,52,Engineer,88468.43,Project3,1992-12-18,Operations
338,April Galloway,36,Engineer,143671.2,Beta,1999-08-03,Operations
341,Dr. Craig Lee,50,Engineer,113440.53,Delta,1974-02-07,Operations
345,Summer Cooley,59,Analyst,57253.56,Project5,2017-04-15,Operations
348,Erika Cooper,56,Consultant,59070.57,Omega,1994-11-20,Operations
354,Rodney Williams,22,Analyst,91463.81,Delta,1974-06-04,Operations
355,Mary Lewis,41,Consultant,92229.16,Delta,1978-02-21,Operations
361,Cody Bruce,41,Analyst,64106.5,Project4,1976-10-26,Operations
381,Tracy Phillips,26,Developer,147414.27,Project5,2024-10-30,Operations
382,Martha Hunter,59,Manager,144919.27,Project6,1994-05-22,Operations
390,Christina Bell,53,Engineer,138624.67,Project2,1986-12-15,Operations
392,William Walsh,23,Engineer,114790.17,Alpha,1977-12-29,Operations
411,George Raymond,31,Manager,109566.29,Project3,1970-09-03,Operations
413,Brittany Gonzalez,25,Manager,95930.88,Project2,2022-06-28,Operations
414,Jennifer Cox,58,Developer,83767.94,Project2,1994-12-17,Operations
416,Christopher Cabrera,50,Engineer,47812.17,Project2,2002-09-16,Operations
420,Robert Gomez,30,Engineer,146838.2,Alpha,1984-10-05,Operations
422,William Smith,31,Consultant,115367.87,Delta,2010-09-27,Operations
424,Timothy Wiggins,45,Engineer,83977.92,Beta,1986-01-28,Operations
425,Rebecca Harris,26,Manager,56840.13,Project1,2019-06-10,Operations
427,Mrs. Mary Jackson,24,Engineer,43085.08,Project5,2006-03-05,Operations
431,Ricardo Allen,49,Developer,105940.97,Project4,2021-01-09,Operations
432,Rebecca Ponce,40,Consultant,149051.77,Project3,1970-12-11,Operations
436,Dawn Wood,43,Analyst,138022.2,Omega,2004-04-19,Operations
442,Eduardo Johnson,29,Manager,86712.91,Project2,1988-09-06,Operations
445,Larry Gay,41,Developer,79274.46,Project3,2016-01-25,Operations
446,Frank Adams,54,Engineer,118602.57,Project3,1988-12-08,Operations
448,Evelyn Adkins,22,Manager,129365.98,Gamma,1994-11-05,Operations
453,Connie White,37,Analyst,100795.54,Project4,1987-01-15,Operations
454,Anne Johnson,36,Manager,79449.51,Project1,2022-09-19,Operations
456,Hailey Hernandez,48,Consultant,60176.19,Delta,1987-12-09,Operations
463,Jennifer Boyer,59,Developer,82259.5,Project5,2017-07-03,Operations
473,Christy Salazar,60,Engineer,114936.92,Gamma,2013-05-05,Operations
478,Dr. Justin Smith,42,Developer,92135.26,Project2,2012-05-25,Operations
479,Kayla Costa,42,Engineer,131944.84,Project3,1981-03-06,Operations
492,Danielle Patterson,33,Engineer,126677.63,Delta,2024-06-19,Operations
494,Sheila Rivera,24,Consultant,140203.58,Omega,2014-01-22,Operations
496,Dawn Bradley,51,Developer,53578.22,Project1,2021-01-04,Operations
501,Julie Hamilton,57,Developer,75420.59,Alpha,1981-10-11,Operations
507,Marc Callahan,52,Analyst,83632.35,Project5,1988-03-17,Operations
517,Erin Brown,44,Analyst,40817.57,Omega,1990-05-30,Operations
519,Brian Wright,27,Manager,91457.51,Project1,1994-11-18,Operations
522,Daniel Beck,57,Engineer,116225.92,Beta,1981-02-25,Operations
525,Ian Martinez,39,Engineer,145229.44,Project4,1999-12-11,Operations
531,Kelly Fischer,59,Consultant,112186.14,Alpha,2022-11-30,Operations
535,Marco Kennedy,47,Engineer,137861.16,Project1,2008-10-29,Operations
537,Peter Dodson,32,Consultant,40878.68,Alpha,2014-07-23,Operations
539,Amanda Wade,50,Analyst,98074.25,Project4,1977-10-08,Operations
541,Carrie Buck,42,Engineer,143004.86,Alpha,2014-09-10,Operations
551,Cassie Buckley MD,41,Developer,70468.86,Project2,1995-11-28,Operations
553,Mary Adams,41,Consultant,111718.65,Gamma,2021-10-08,Operations
556,Michael Johnson,41,Consultant,46793.52,Project5,2018-07-12,Operations
557,Elizabeth Cooper,55,Consultant,92451.02,Delta,2005-09-04,Operations
559,Jose Thompson,26,Consultant,76305.38,Delta,2023-10-08,Operations
564,Amy Brandt,49,Engineer,102462.19,Project5,1976-01-11,Operations
571,Thomas Abbott,31,Consultant,61408.82,Project2,1983-06-13,Operations
577,David Miller,40,Consultant,54311.93,Project1,1971-10-19,Operations
584,Melissa Hernandez,45,Consultant,100542.7,Project5,2015-10-11,Operations
585,Jerry Hernandez,48,Analyst,83323.3,Project6,1984-01-31,Operations
586,Mariah Lopez,49,Engineer,60195.72,Project4,1971-08-16,Operations
595,Paige Jackson,31,Manager,44916.57,Alpha,1985-05-08,Operations
604,Kevin Anderson,27,Manager,126135.82,Project6,2010-05-09,Operations
606,Joseph Anderson,22,Analyst,65657.17,Project2,1979-07-07,Operations
613,Elizabeth Jordan,43,Manager,50426.08,Project6,2019-09-11,Operations
614,Diane Cox,56,Consultant,129806.76,Project4,2014-05-16,Operations
615,Katelyn Robinson,50,Analyst,130098.23,Project6,1986-05-14,Operations
637,Jodi Gill,37,Engineer,121633.7,Project6,2012-01-12,Operations
645,Jason Gray,25,Developer,89006.71,Project3,2002-12-22,Operations
647,David Martinez,35,Analyst,77011.81,Project1,2016-07-18,Operations
662,Andrea Nicholson,29,Analyst,100751.82,Omega,2022-10-04,Operations
667,Amanda Anderson,38,Consultant,105196.53,Project1,2009-02-04,Operations
671,Darrell Williams,48,Manager,70545.68,Beta,1986-11-03,Operations
679,Austin Flores,22,Developer,57972.8,Beta,1990-06-15,Operations
689,Randy Graham,57,Manager,108290.97,Project3,1991-08-04,Operations
691,Brandon Smith,38,Manager,114316.07,Project4,2013-05-25,Operations
692,Michael Reyes,42,Manager,78034.29,Gamma,1975-08-18,Operations
695,Jennifer Thomas,59,Consultant,50902.57,Alpha,2002-09-29,Operations
698,Hunter Baker,54,Consultant,48063.52,Alpha,1970-01-12,Operations
703,Lisa Church,52,Manager,144292.05,Project6,2016-02-29,Operations
712,Anna Jensen,47,Manager,53864.1,Project1,2019-09-21,Operations
714,Timothy Gillespie,23,Engineer,42026.43,Project6,1998-02-02,Operations
717,Alan York,48,Developer,79680.58,Project2,2007-11-13,Operations
718,Anthony Garcia,41,Manager,81385.75,Project2,1995-07-07,Operations
730,Nicole Lamb,46,Consultant,50356.72,Project6,2005-09-22,Operations
731,Jennifer Sanders,38,Consultant,56703.32,Project3,2016-04-11,Operations
732,Francisco Munoz,23,Consultant,135332.77,Gamma,2000-10-02,Operations
736,Leon Lynch,57,Manager,84201.04,Project2,1996-04-25,Operations
742,Anthony Gilbert,36,Developer,135199.98,Project5,1979-07-06,Operations
745,Timothy Jones,33,Developer,51121.74,Omega,1971-05-04,Operations
753,Kathleen Duffy,38,Engineer,57880.4,Beta,1990-03-14,Operations
759,Mary Wilson,24,Consultant,125490.68,Project4,1987-04-11,Operations
769,William Duncan,47,Consultant,83824.14,Project2,1974-09-27,Operations
772,Anthony Smith,34,Analyst,133571.3,Project2,1976-11-17,Operations
774,Valerie Harris,59,Engineer,89840.79,Project6,1996-01-01,Operations
778,Samantha Johnson,41,Developer,112547.5,Project4,2008-09-20,Operations
795,Bradley Williams,22,Consultant,147898.94,Project2,2025-01-07,Operations
797,David Byrd,53,Analyst,116954.14,Project5,2022-11-25,Operations
805,Susan Carroll,23,Consultant,122355.36,Beta,1999-02-08,Operations
807,Amanda Matthews,43,Consultant,48289.24,Gamma,1993-07-31,Operations
814,Kerri Coleman,32,Developer,110322.66,Delta,1992-11-14,Operations
819,Debra West,59,Manager,46499.35,Project5,2024-08-27,Operations
820,Adam Gay,59,Engineer,106328.1,Gamma,1988-04-28,Operations
823,Michael Edwards,22,Engineer,147810.8,Gamma,1992-10-04,Operations
831,Jennifer Stafford,58,Analyst,125411.9,Alpha,1970-04-23,Operations
838,Kimberly Burke,28,Consultant,108904.89,Beta,2003-06-26,Operations
844,Jessica Simmons,50,Consultant,105733.39,Project6,1982-09-11,Operations
845,Linda Moore,22,Manager,122547.27,Project1,1973-12-01,Operations
847,Julie Morris,59,Manager,94623.21,Project1,2012-08-11,Operations
848,Kelly Brown,52,Developer,53751.29,Alpha,2012-11-02,Operations
853,Mary Johnson,23,Manager,56131.01,Project3,2024-05-14,Operations
857,Cheryl Potter,40,Manager,95615.73,Project2,1975-02-24,Operations
858,Alexis Wolfe,60,Analyst,139992.92,Project3,2016-07-29,Operations
861,Kristen Kim,26,Engineer,48656.05,Project1,1989-04-02,Operations
865,Thomas Fisher,48,Consultant,114202.9,Gamma,2013-05-09,Operations
872,Eric Davis,56,Developer,147073.7,Gamma,2010-11-10,Operations
873,Samuel Nicholson DDS,55,Analyst,111423.44,Beta,1979-08-20,Operations
880,Ashley Olson,31,Consultant,74882.23,Delta,2021-02-25,Operations
883,Daniel Smith,30,Engineer,61645.51,Project2,1974-01-28,Operations
884,David Mason,54,Engineer,137379.86,Omega,1991-07-04,Operations
885,Jane Jackson,59,Engineer,130421.74,Project1,1996-01-27,Operations
889,Ruth Singh,24,Consultant,93910.01,Delta,1982-01-23,Operations
890,Taylor Hart,41,Engineer,97095.52,Project6,1972-03-04,Operations
891,Laura Wilson,34,Developer,66219.36,Beta,1984-02-10,Operations
892,Kelly Kelly,42,Consultant,80243.56,Project6,1992-06-23,Operations
893,Stephanie Yoder,42,Developer,49180.46,Project2,2005-07-08,Operations
896,Emily Williams,57,Developer,45133.75,Delta,1998-01-21,Operations
901,Melissa Garcia,58,Analyst,106878.22,Project2,1976-05-09,Operations
902,Jeffrey Clark,43,Analyst,43504.67,Gamma,2020-08-01,Operations
912,Antonio Santos,44,Engineer,143461.42,Project4,2024-07-25,Operations
914,Bryan Mitchell,56,Developer,118053.38,Gamma,1992-11-09,Operations
925,Melanie Craig,29,Developer,144365.8,Project2,1977-04-28,Operations
939,Amanda Clark,30,Consultant,73452.2,Delta,1990-12-05,Operations
946,Sara Nichols,33,Consultant,138632.69,Project3,1972-01-07,Operations
948,Michelle Combs,37,Analyst,122157.63,Project6,2010-04-07,Operations
953,Kevin Walters,57,Manager,130651.47,Delta,2010-05-12,Operations
955,Steven Hart,35,Analyst,79580.74,Gamma,1978-12-25,Operations
960,Melinda Peters,27,Manager,61348.41,Project3,1983-02-23,Operations
966,George Taylor,22,Consultant,72515.97,Project3,2018-05-03,Operations
972,Megan Gonzalez,58,Manager,57959.97,Project4,1986-07-26,Operations
973,Daniel Villegas,55,Developer,70001.13,Alpha,1984-11-14,Operations
978,Michael Sanders,60,Consultant,61294.53,Alpha,1999-02-04,Operations
982,Donna Knapp,27,Developer,94017.81,Beta,1998-06-30,Operations
983,Elizabeth Stein,60,Consultant,53533.34,Delta,2013-03-22,Operations
995,Ryan West,46,Consultant,58933.28,Project1,1990-08-19,Operations
1000,Mr. Kenneth Thomas II,50,Analyst,69599.09,Project5,1982-01-04,Operations
