employees_partitioned.emp_id,employees_partitioned.name,employees_partitioned.age,employees_partitioned.job_role,employees_partitioned.salary,employees_partitioned.project,employees_partitioned.join_date,employees_partitioned.department
11,Justin Calhoun,37,Manager,122775.98,Project1,2023-07-14,Finance
13,Benjamin Rodriguez,49,Consultant,58699.67,Alpha,2019-03-01,Finance
59,Melissa Donaldson,58,Analyst,136798.02,Project5,2016-02-29,Finance
121,Ashley Burke,60,Developer,74290.74,Project5,2017-04-01,Finance
124,Katherine Barton,23,Consultant,48997.58,Alpha,2024-04-20,Finance
145,Sean Cox,53,Manager,120516.62,Beta,2018-03-03,Finance
147,Jessica Hull,31,Manager,100164.15,Project5,2016-02-29,Finance
176,Dana Carpenter,35,Manager,112201.03,Gamma,2016-06-05,Finance
184,Shawn Johnson,25,Engineer,93839.86,Project4,2024-11-15,Finance
215,Wayne Harris,28,Consultant,75634.79,Project2,2019-01-17,Finance
254,Kevin Wong,48,Engineer,60311.48,Alpha,2019-02-26,Finance
307,Tracy Higgins,44,Consultant,135075.9,Gamma,2021-06-09,Finance
309,Nicholas Kane,50,Developer,122098.31,Project4,2016-09-02,Finance
319,Diane Barry,27,Analyst,110483.42,Omega,2020-08-02,Finance
328,Juan Sanchez,38,Analyst,53728.65,Alpha,2020-03-09,Finance
330,Mitchell Williams,33,Engineer,66475.31,Alpha,2024-11-15,Finance
370,Brian Nelson,39,Engineer,127605.08,Project2,2022-08-10,Finance
435,Mark Rodriguez MD,33,Consultant,50351.47,Project4,2024-07-29,Finance
476,Laura Munoz,29,Developer,87675.77,Project2,2022-02-14,Finance
477,Theresa Johnson,46,Analyst,148784.86,Beta,2022-03-30,Finance
480,Monica Castro,28,Consultant,65716.66,Delta,2019-11-07,Finance
509,Jacob Baker,22,Manager,103514.33,Project5,2022-05-17,Finance
516,Megan Thomas,51,Developer,61461.04,Gamma,2020-01-15,Finance
547,Joseph Thompson,26,Manager,76591.9,Project5,2021-01-13,Finance
550,Kelly Mccoy,47,Engineer,104002.5,Project2,2019-05-01,Finance
560,Susan George,33,Developer,46810.26,Alpha,2017-01-06,Finance
580,Lauren Davis,24,Engineer,92993.03,Project1,2019-11-20,Finance
602,Dr. Tanner Henderson,49,Developer,57717.42,Gamma,2016-09-20,Finance
801,Jacqueline Gonzalez,24,Consultant,63059.04,Project5,2022-12-25,Finance
833,Angela Davis,23,Engineer,120069.14,Gamma,2017-10-26,Finance
837,Steven Charles,60,Manager,75635.09,Beta,2020-10-24,Finance
994,Steven Wilcox,28,Engineer,56844.52,Project1,2020-05-02,Finance
41,Kimberly Ritter,29,Developer,77943.92,Beta,2017-05-26,HR
88,Sarah Tyler,41,Consultant,54858.49,Gamma,2022-06-08,HR
89,David Rogers,35,Engineer,57912.13,Omega,2019-02-13,HR
92,Denise Waters,42,Engineer,89182.48,Project1,2022-08-28,HR
97,Stephanie Carter,35,Manager,124430.39,Project5,2019-06-01,HR
133,Kimberly Ramirez,59,Developer,141440.1,Project6,2024-10-25,HR
137,Craig Moore,29,Developer,99885.43,Project5,2020-03-01,HR
155,Christina Erickson,52,Developer,129088.92,Project2,2023-05-05,HR
213,Mariah Wilkinson MD,59,Analyst,128020.36,Project6,2020-03-08,HR
225,Jennifer Riggs,29,Engineer,81705.51,Project4,2019-09-05,HR
239,Alexandra George,28,Analyst,142086.17,Omega,2022-09-16,HR
303,Bonnie Berger,24,Engineer,44084.84,Alpha,2022-02-27,HR
313,Robert Hernandez,36,Engineer,119851.65,Gamma,2022-08-16,HR
339,Kathy Harrell,22,Engineer,135861.12,Alpha,2016-10-20,HR
349,Lauren Thomas,35,Engineer,131316.47,Project1,2019-06-04,HR
374,Courtney Brown,28,Manager,41702.68,Omega,2020-07-02,HR
386,Jill Graham,31,Manager,123625.83,Beta,2019-08-30,HR
423,Edward Fisher III,24,Analyst,83987.25,Project3,2021-10-24,HR
468,Brett Merritt,49,Manager,79873.81,Omega,2016-09-01,HR
487,David Smith,38,Engineer,123386.55,Project2,2023-03-22,HR
518,Ian Miller,27,Engineer,124242.84,Gamma,2022-09-11,HR
532,Lisa Hunter,60,Consultant,126113.28,Project6,2017-12-24,HR
582,Douglas Hudson,48,Manager,73019.19,Project1,2016-08-26,HR
596,Raymond Grant,36,Analyst,42933.24,Project2,2019-07-22,HR
624,Alyssa Keith,34,Engineer,41063.6,Beta,2018-03-31,HR
673,Charles King,41,Analyst,67642.0,Project2,2017-06-13,HR
675,Jason Edwards,26,Analyst,98087.44,Gamma,2018-04-20,HR
762,Tina Watson,34,Engineer,73133.18,Delta,2019-09-25,HR
764,Olivia Reed,35,Consultant,50366.38,Gamma,2021-02-18,HR
803,Laura Moreno,32,Analyst,94418.86,Omega,2020-09-07,HR
840,Joseph Holt,38,Manager,98512.17,Project3,2017-01-15,HR
842,Shaun Wilson,40,Developer,69903.35,Beta,2016-02-02,HR
843,Lisa Rios,46,Analyst,78121.92,Project2,2016-11-21,HR
860,Ashley Butler,30,Analyst,42105.12,Project1,2023-08-09,HR
898,Shannon Jordan,47,Manager,62184.71,Gamma,2019-07-22,HR
930,Jorge Hanson,45,Developer,71396.4,Project2,2024-06-06,HR
39,Nicole Roberts,45,Manager,78833.61,Project5,2017-04-03,IT
40,Rebecca Moody,55,Analyst,104091.68,Project5,2016-10-27,IT
50,Eugene Moore,55,Developer,63399.86,Project2,2016-10-24,IT
58,Erica Taylor,44,Analyst,126485.3,Beta,2016-09-22,IT
110,Kiara Richardson,39,Consultant,84905.26,Project5,2023-05-01,IT
157,Logan Jones,35,Developer,129034.31,Alpha,2019-10-25,IT
172,Claudia Williams,35,Analyst,48304.47,Gamma,2018-06-18,IT
206,Patricia Martinez,41,Consultant,46236.1,Alpha,2017-05-28,IT
240,Andrea Henderson,53,Developer,85290.77,Project2,2019-07-09,IT
246,Deborah Thomas,27,Analyst,140333.52,Delta,2019-05-22,IT
270,Christopher Anderson,30,Developer,77466.82,Project2,2023-05-28,IT
302,Amanda Mcguire,41,Developer,115028.95,Gamma,2020-02-16,IT
304,Richard Lewis,54,Consultant,45829.0,Project3,2021-03-24,IT
312,Dana Nunez,39,Consultant,142894.69,Project1,2021-10-31,IT
314,William Hall,59,Developer,110779.9,Omega,2017-08-17,IT
316,Kim Harrison,54,Manager,72089.15,Delta,2021-05-29,IT
321,Kylie Hood,27,Developer,61897.27,Alpha,2021-11-28,IT
359,Martha Schultz,33,Consultant,89675.69,Project1,2021-05-03,IT
428,Amanda Dougherty,57,Consultant,102413.27,Project4,2017-10-05,IT
437,Jasmine Edwards,51,Manager,87751.81,Alpha,2023-12-15,IT
455,Eric Garcia,47,Developer,108710.52,Project6,2021-11-30,IT
460,Cindy Stein,54,Engineer,134702.03,Delta,2019-02-10,IT
491,Andrew Weaver,46,Engineer,52210.56,Project2,2016-05-13,IT
504,Laura Archer,38,Consultant,126756.75,Project3,2020-09-08,IT
505,Brooke Powers,23,Manager,142828.19,Project2,2021-05-15,IT
543,Mrs. Jennifer Blackwell,51,Developer,68601.49,Project5,2021-08-05,IT
558,Thomas Costa,33,Engineer,126039.92,Project2,2016-12-29,IT
569,Corey Rios,41,Consultant,47715.7,Project4,2021-08-13,IT
594,Madison Brown,24,Manager,94599.13,Project2,2023-10-04,IT
636,Scott Harrison,34,Engineer,74859.13,Project3,2021-09-23,IT
694,Rachael Schwartz,39,Consultant,43942.17,Alpha,2018-05-23,IT
922,David Henderson,31,Engineer,124786.91,Project6,2022-12-15,IT
945,Stephanie Gillespie,54,Consultant,118756.38,Project6,2020-01-26,IT
21,Sonya Allen MD,30,Analyst,142665.95,Project4,2016-07-30,Marketing
44,Dylan Dominguez,37,Consultant,104031.01,Project3,2019-09-13,Marketing
103,Jeffery Martin,36,Analyst,114972.47,Project5,2020-06-18,Marketing
150,Kimberly Campbell,42,Developer,56693.78,Delta,2016-02-09,Marketing
196,Samuel Johnson,23,Analyst,40668.04,Beta,2024-12-13,Marketing
272,Frank Martin,38,Consultant,148027.9,Project3,2024-02-18,Marketing
376,Jeff Welch,34,Analyst,55132.49,Beta,2017-07-17,Marketing
380,Ronald Berry,28,Analyst,120047.92,Project6,2016-01-24,Marketing
439,Danielle Brown,49,Manager,113094.66,Project2,2022-01-08,Marketing
451,Christine Arnold,38,Developer,72000.41,Project3,2019-06-15,Marketing
466,Gail Velasquez MD,60,Consultant,72307.39,Omega,2022-03-20,Marketing
474,Jason Smith,22,Engineer,149100.16,Project5,2019-01-28,Marketing
475,Mark Green,30,Engineer,113501.52,Omega,2016-09-01,Marketing
486,Benjamin Bryant,31,Developer,81921.9,Project3,2022-12-23,Marketing
530,Laura Phillips,46,Developer,98004.54,Project6,2022-03-06,Marketing
542,Michele Butler,30,Engineer,130495.83,Beta,2020-04-10,Marketing
621,Christina Murphy,48,Engineer,102648.05,Omega,2018-12-12,Marketing
629,Jasmine Brown,27,Developer,123673.05,Project6,2018-12-18,Marketing
655,Raymond Foster,59,Analyst,125916.92,Project6,2021-11-22,Marketing
658,Hannah Alexander,57,Analyst,118248.08,Gamma,2022-08-31,Marketing
670,Tina Perez,27,Developer,115453.27,Project1,2021-03-20,Marketing
709,Luke Walker,47,Analyst,54829.96,Beta,2024-09-28,Marketing
775,Dr. Jessica Taylor PhD,26,Consultant,47091.09,Project5,2023-03-17,Marketing
786,Gabriel Hamilton,49,Manager,79682.9,Project5,2024-05-23,Marketing
821,Stacey Wright,30,Consultant,138465.22,Omega,2017-12-19,Marketing
824,Mark Hughes,29,Manager,122797.38,Project2,2016-02-13,Marketing
852,Jennifer Maynard,55,Developer,110795.85,Project5,2022-07-14,Marketing
864,Brian Wallace PhD,58,Analyst,68189.51,Delta,2023-08-12,Marketing
876,John Richards,54,Consultant,139782.34,Beta,2016-10-10,Marketing
897,Mark Johnson,54,Analyst,48339.07,Project1,2020-10-16,Marketing
921,Mark Peters,47,Engineer,99952.16,Project1,2017-09-08,Marketing
949,Shelby White,59,Analyst,101891.97,Project4,2017-07-14,Marketing
32,Jason Obrien,23,Engineer,107650.78,Delta,2018-08-01,Operations
67,Ashley Howell,47,Consultant,106326.46,Project2,2016-03-26,Operations
134,Michael Rivers,35,Manager,129925.58,Alpha,2021-03-26,Operations
142,Laura Johnson,39,Manager,136346.66,Project6,2021-03-30,Operations
202,Aaron Bryant,26,Manager,115019.92,Alpha,2019-10-15,Operations
223,Alice Anderson,41,Developer,45957.18,Project2,2016-10-06,Operations
262,Donald Andrade,50,Consultant,144159.44,Gamma,2022-10-01,Operations
264,Kevin Nicholson,28,Manager,112676.63,Project6,2021-09-15,Operations
345,Summer Cooley,59,Analyst,57253.56,Project5,2017-04-15,Operations
381,Tracy Phillips,26,Developer,147414.27,Project5,2024-10-30,Operations
413,Brittany Gonzalez,25,Manager,95930.88,Project2,2022-06-28,Operations
425,Rebecca Harris,26,Manager,56840.13,Project1,2019-06-10,Operations
431,Ricardo Allen,49,Developer,105940.97,Project4,2021-01-09,Operations
445,Larry Gay,41,Developer,79274.46,Project3,2016-01-25,Operations
454,Anne Johnson,36,Manager,79449.51,Project1,2022-09-19,Operations
463,Jennifer Boyer,59,Developer,82259.5,Project5,2017-07-03,Operations
492,Danielle Patterson,33,Engineer,126677.63,Delta,2024-06-19,Operations
496,Dawn Bradley,51,Developer,53578.22,Project1,2021-01-04,Operations
531,Kelly Fischer,59,Consultant,112186.14,Alpha,2022-11-30,Operations
553,Mary Adams,41,Consultant,111718.65,Gamma,2021-10-08,Operations
556,Michael Johnson,41,Consultant,46793.52,Project5,2018-07-12,Operations
559,Jose Thompson,26,Consultant,76305.38,Delta,2023-10-08,Operations
613,Elizabeth Jordan,43,Manager,50426.08,Project6,2019-09-11,Operations
647,David Martinez,35,Analyst,77011.81,Project1,2016-07-18,Operations
662,Andrea Nicholson,29,Analyst,100751.82,Omega,2022-10-04,Operations
703,Lisa Church,52,Manager,144292.05,Project6,2016-02-29,Operations
712,Anna Jensen,47,Manager,53864.1,Project1,2019-09-21,Operations
731,Jennifer Sanders,38,Consultant,56703.32,Project3,2016-04-11,Operations
795,Bradley Williams,22,Consultant,147898.94,Project2,2025-01-07,Operations
797,David Byrd,53,Analyst,116954.14,Project5,2022-11-25,Operations
819,Debra West,59,Manager,46499.35,Project5,2024-08-27,Operations
853,Mary Johnson,23,Manager,56131.01,Project3,2024-05-14,Operations
858,Alexis Wolfe,60,Analyst,139992.92,Project3,2016-07-29,Operations
880,Ashley Olson,31,Consultant,74882.23,Delta,2021-02-25,Operations
902,Jeffrey Clark,43,Analyst,43504.67,Gamma,2020-08-01,Operations
912,Antonio Santos,44,Engineer,143461.42,Project4,2024-07-25,Operations
966,George Taylor,22,Consultant,72515.97,Project3,2018-05-03,Operations
